address,area,price
"Екатеринбург, ул. Белинского, 108",84.4,82701
"Екатеринбург, ул. Тверитина, 46",48.6,123045
"Екатеринбург, мкр. Светлый, стр. 7",39.2,62500
"Екатеринбург, ул. Евгения Савкова, д. 35",62.5,62560
"Екатеринбург, ул. Ирбитская, стр. 5",74.2,69542
"Екатеринбург, ул. Московская, д. 198",97.9,78476
"Екатеринбург, Орджоникидзевский район, микрорайон Уралмаш, ул. Индустрии, 66",31.0,106129
"Екатеринбург, ул. Бажова, 68",66.0,92348
"Екатеринбург, Орджоникидзевский район, микрорайон Эльмаш, ул. Стачек, 4",37.0,69459
"Екатеринбург, г. Екатеринбург, микрорайон Светлый, 4",56.4,58511
"Екатеринбург, пр-т Академика Сахарова, д. 45",26.5,76226
"Екатеринбург, ул. Блюхера, д. 5",56.0,87500
"Екатеринбург, Железнодорожный район, микрорайон Старая Сортировка, Кунарская ул., 34",83.0,55422
"Екатеринбург, ул. Михеева, 2",64.0,69531
"Екатеринбург, ул. 40-летия Комсомола, д. 24",35.5,87324
"Екатеринбург, ул. Белинского, 177Ак3",50.0,82000
"Екатеринбург, Октябрьский район, жилой комплекс Clever Park",35.1,89538
"Екатеринбург, ул. Рябинина, 21",58.1,64544
"Екатеринбург, ул. Анатолия Мехренцева, 32",83.0,61446
"Екатеринбург, ул. Евгения Савкова, д. 33 А",21.7,84009
"Екатеринбург, Хрустальногорская ул., 84",57.8,63841
"Екатеринбург, Железнодорожный район, микрорайон Новая Сортировка, ул. Софьи Перовской",44.0,67045
"Екатеринбург, Базовый пер., 48",57.2,70787
"Екатеринбург, Свердловская область, Екатеринбург, Рощинская улица, 21",21.0,100000
"Екатеринбург, Миасская ул., 12",41.0,86585
"Екатеринбург, ул. Хуторская, д. 1",42.0,79762
"Екатеринбург, Хрустальногорская ул., 87",32.8,75412
"Екатеринбург, ул. Шаумяна/Московская/Фурманова, стр. 1",60.7,95552
"Екатеринбург, ул. Чкалова, стр. 22",75.5,80795
"Екатеринбург, ул. 8 Марта, 194",42.6,98944
"Екатеринбург, пос. Совхозный, Разливная ул., 50к3",96.1,63085
"Екатеринбург, ул. Евгения Савкова, 4",49.4,67664
"Екатеринбург, микрорайон Академический, пр-т Академика Сахарова, 91",41.0,72195
"Екатеринбург, Орджоникидзевский район, микрорайон Уралмаш, Симбирский пер., 2",70.2,76846
"Екатеринбург, ул. Гастелло/Дальневосточная/Мраморская/пер. Каслинский, стр. 2",60.0,70500
"Екатеринбург, микрорайон Юго-Западный, ул. Громова, 28",45.0,90000
"Екатеринбург, Переходный пер., 6",72.0,78194
"Екатеринбург, Селькоровская ул., 34",47.8,67992
"Екатеринбург, ул. Раевского, 6",69.4,76225
"Екатеринбург, Свердловская область, Екатеринбург, микрорайон Автовокзал",60.8,69798
"Екатеринбург, Павлодарская ул.",31.3,85224
"Екатеринбург, Кировский район, микрорайон Пионерский, ул. Данилы Зверева, 17А",43.0,80853
"Екатеринбург, ул. Радищева, 33",117.0,84359
"Екатеринбург, ул. Мичурина, 54",37.2,68548
"Екатеринбург, ул. Белинского, д. 163б",87.6,77000
"Екатеринбург, ул. Лётчиков, 7",25.0,70000
"Екатеринбург, ул. Евгения Савкова, 31",41.0,65854
"Екатеринбург, ул. Евгения Савкова, д. 35",61.3,61175
"Екатеринбург, ул.Стачек, д. 68",39.4,86548
"Екатеринбург, ул.Педагогическая/Гагарина/Вишневая/Мира/Библиотечная, стр. 48-1",32.8,79268
"Екатеринбург, ул. Краснолесья, жилые дома",35.6,73034
"Екатеринбург, ул. Колмогорова, 73к1",65.0,116769
"Екатеринбург, Техническая ул., 148",42.0,66429
"Екатеринбург, ул. Ткачей, 13",48.7,98563
"Екатеринбург, ул. Гастелло/Дальневосточная/Мраморская/пер. Каслинский, стр. 2",128.9,81536
"Екатеринбург, ул. Белинского, 30",210.0,45238
"Екатеринбург, ул. Евгения Савкова, 33",35.1,55840
"Екатеринбург, ул Комсомольская, 76",67.0,76119
"Екатеринбург, ул. Лучистая/Счастливая/Чемпионов/Новосибирская, ЖР «Солнечный»",47.2,64619
"Екатеринбург, ул. 8 марта, ЖК «Ботанический сад»",59.0,92890
"Екатеринбург, ул.Юмашева, д. 13",88.0,106818
"Екатеринбург, микрорайон ЖБИ, ул. Новгородцевой, 13Б",58.0,75862
"Екатеринбург, Самолётная ул., 33",38.0,73684
"Екатеринбург, Фролова 31",70.0,80714
"Екатеринбург, ул. Крауля/Рабочих/Красных Зорь/Лоцмановых, 1 очередь",74.6,78284
"Екатеринбург, ул. Бажова, 166",38.4,55990
"Екатеринбург, Рощинская ул., 27",23.0,84783
"Екатеринбург, пер. Трактористов, 4",50.0,85400
"Екатеринбург, Свердловская обл, Екатеринбург, С.Сортировка, ул. Дружининская, 5б",39.0,66667
"Екатеринбург, б-р Золотистый, д. 4",52.1,95605
"Екатеринбург, ул. Краснолесья, 10",39.0,76897
"Екатеринбург, Чкаловский район, микрорайон Вторчермет, Сызранский пер., 17",40.6,75000
"Екатеринбург, микрорайон Академический, пр-т Академика Сахарова, 57",49.6,70161
"Екатеринбург, ул. Татищева, 49",67.0,100000
"Екатеринбург, Машинная ул., 46",68.0,94118
"Екатеринбург, Машинная ул., 1Бк2",134.8,81231
"Екатеринбург, Свердловская область, Екатеринбург, район Железнодорожный, Летчиков ул, 7",34.0,60294
"Екатеринбург, ул. Разливная, д. 50",46.7,74946
"Екатеринбург, ул. Крестинского, д. 4",36.0,97222
"Екатеринбург, микрорайон Академический, пр-т Академика Сахарова, 68",62.0,68532
"Екатеринбург, мкр. Светлый, стр. 6",40.0,59750
"Екатеринбург, Блюхера 99",65.0,84615
"Екатеринбург, Рощинская ул., 28",41.0,66463
"Екатеринбург, ул. Евгения Савкова, 3",33.0,68788
"Екатеринбург, Железнодорожный район, микрорайон Старая Сортировка, Кунарская ул., 36",37.5,68800
"Екатеринбург, ул. Чкалова, стр. 22",67.5,76889
"Екатеринбург, микрорайон Светлый, 1",30.0,81667
"Екатеринбург, ул. Новосибирская, стр. 3.4",55.5,81964
"Екатеринбург, Свердловская область, Екатеринбург, район Чкаловский, Циолковского ул, 29",40.0,111750
"Екатеринбург, ул. Чкалова, 241",104.0,63462
"Екатеринбург, ул. Евгения Савкова, д. 35",81.2,57882
"Екатеринбург, ул. Чкалова, стр. 22",67.5,76889
"Екатеринбург, Самолётная ул., 23",87.0,66092
"Екатеринбург, ул.Стачек, д. 68",83.0,78193
"Екатеринбург, Самолётная ул., 33",35.1,76923
"Екатеринбург, ул. Гастелло/Дальневосточная/Мраморская/пер. Каслинский, стр. 2",48.2,73651
"Екатеринбург, Чкаловский район, микрорайон Химмаш, ул. Орденоносцев, 8",89.0,61685
"Екатеринбург, Свердловская область, г Екатеринбург, ул Токарей 26",60.0,90500
"Екатеринбург, Свердловская обл, г Екатеринбург, ул Рощинская, 21 к1",63.0,65873
"Екатеринбург, Свердловская обл, г Екатеринбург, ул Начдива Онуфриева, 6 к1",38.0,86579
"Екатеринбург, Билимбаевская ул., 5",84.0,58333
"Екатеринбург, Свердловская обл, Екатеринбург, УНЦ, ул. Краснолесья, 24",103.0,73786
"Екатеринбург, Чкаловский район, микрорайон Вторчермет, Ремесленный пер., 6",79.6,55276
"Екатеринбург, Кировский район, микрорайон Пионерский, Ирбитская ул., 68",70.0,72143
"Екатеринбург, ул. Суходольская/Ландау/Ручейная, стр. 3",69.7,67862
"Екатеринбург, Таватуйская ул., 1Г",54.1,70240
"Екатеринбург, ул. Шаумяна/Московская/Фурманова, стр. 1",90.9,76458
"Екатеринбург, пос. Совхозный, ул. Мостовая, стр. 47",56.0,58929
"Екатеринбург, ул. Машинная/Фурманова/Цвиллинга/Отто Шмидта, стр. 1.5",45.0,93000
"Екатеринбург, Кировский район, микрорайон Пионерский, ул. Вилонова, 14А",50.0,85000
"Екатеринбург, микрорайон Академический, пр-т Академика Сахарова, 95",62.0,60432
"Екатеринбург, ул. Стрелочников, д. 2",121.0,56000
"Екатеринбург, ул. Евгения Савкова, 35/2",22.0,78182
"Екатеринбург, ул. Вильгельма де Геннина, 42",50.0,68000
"Екатеринбург, микрорайон Академический, пр-т Академика Сахарова, 93",37.0,77027
"Екатеринбург, Верх-Исетский район, микрорайон Визовский",54.0,103704
"Екатеринбург, ул. Машинистов, 3",38.0,94737
"Екатеринбург, ул. Чайковского, 90",100.0,86500
"Екатеринбург, ул. Фурманова, 124",140.0,170714
"Екатеринбург, ул. Горького, 31",265.0,437736
"Екатеринбург, мкр. Светлый, стр. 7",46.0,54326
"Екатеринбург, Свердловская обл, Екатеринбург, ЖБИ, ул. 40-летия Комсомола, 24",24.5,95510
"Екатеринбург, Свердловская обл, Екатеринбург, Академический, ул. Краснолесья, 141",41.0,70732
"Екатеринбург, пер. Трактористов, 4",107.0,72430
"Екатеринбург, ул. Щербакова, 74",41.0,78049
"Екатеринбург, ул. Белинского, д. 163б",106.6,71000
"Екатеринбург, Гончарный пер., 4",61.0,64426
"Екатеринбург, Железнодорожный район, микрорайон Новая Сортировка, ул. Крупносортщиков, 12",40.6,73645
"Екатеринбург, Свердловская область, Екатеринбург, район Верх-Исетский, Ленина пр-кт, 13А",88.0,76125
"Екатеринбург, Латвийская ул., 56",22.0,90455
"Екатеринбург, ул. Токарей, 26",42.0,106905
"Екатеринбург, Орджоникидзевский район, микрорайон Эльмаш, ул. Старых Большевиков, 3",46.0,78043
"Екатеринбург, ул. Белинского, 54",158.0,101266
"Екатеринбург, Якутская ул., 10",77.0,57143
"Екатеринбург, Гончарный пер., 4",61.0,64426
"Екатеринбург, ул. Евгения Савкова, д. 35",74.0,62162
"Екатеринбург, ул. Шаумяна/Московская/Фурманова, стр. 1",54.6,84799
"Екатеринбург, ул. Гастелло/Дальневосточная/Мраморская/пер. Каслинский, стр. 2",41.1,77129
"Екатеринбург, ул. Академика Вонсовского, 21/2",85.0,87647
"Екатеринбург, ул. Ползунова/Краснофлотцев/Даниловская/Замятина, стр. 2",43.6,89450
"Екатеринбург, Железнодорожный район, микрорайон Вокзальный, Гражданская ул., 11",141.0,72340
"Екатеринбург, ул.Педагогическая/Гагарина/Вишневая/Мира/Библиотечная, стр. 48-1",45.2,86283
"Екатеринбург, ул. Азина, стр. 22",44.0,90682
"Екатеринбург, пр-т Космонавтов, д. 11, корп. 1.1",38.4,76042
"Екатеринбург, коттеджный пос. Карасьеозёрский-2, Малогородская ул., 4",96.0,83021
"Екатеринбург, ул. Краснолесья, 109",82.5,58182
"Екатеринбург, ул. Суходольская/Ландау/Ручейная, стр. 3",74.6,63673
"Екатеринбург, Машинная ул., 44к2",32.2,108075
"Екатеринбург, Латвийская ул.",23.0,76957
"Екатеринбург, ул. Чкалова, стр. 22",89.3,73908
"Екатеринбург, Железнодорожный район, микрорайон Новая Сортировка, ул. Софьи Перовской, 106",50.0,64000
"Екатеринбург, ул. Евгения Савкова, 29",41.5,67470
"Екатеринбург, ул. Юлиуса Фучика, 3",98.4,111789
"Екатеринбург, ул. Щербакова, 77к1",40.0,97500
"Екатеринбург, ул. Краснолесья, 24",43.0,67442
"Екатеринбург, ул. Николая Островского, 5",58.0,91379
"Екатеринбург, Ломоносова , 10",35.5,76028
"Екатеринбург, Свердловская обл, г Екатеринбург, ул Учителей, 8",40.8,83088
"Екатеринбург, Свердловская обл, г Екатеринбург, ул Восстания, 116",69.0,60725
"Екатеринбург, Чемпионов , 3",52.4,82061
"Екатеринбург, Бакинских комиссаров , 105",50.1,89820
"Екатеринбург, 40-летия Комсомола , 28",57.0,75439
"Екатеринбург, Кировградская , 50",69.1,79595
"Екатеринбург, Трамвайный пер. , 2 к 2",68.4,106725
"Екатеринбург, ул. Щербакова, 77к3",38.3,98695
"Екатеринбург, Суходольская ул., 47",90.0,59444
"Екатеринбург, Кировский район, микрорайон Пионерский, Боровая ул., 31",44.7,91723
"Екатеринбург, Чкаловский район, микрорайон Светлый, 3",43.6,59633
"Екатеринбург, Луганская ул., 6",47.7,85535
"Екатеринбург, ул. Блюхера, 97",20.0,111000
"Екатеринбург, Союзная ул., 4",36.0,110833
"Екатеринбург, ул Кузнечная, 83",51.2,90820
"Екатеринбург, Железнодорожный район, микрорайон Старая Сортировка, Расточная ул., 31А",53.8,72472
"Екатеринбург, ул. Чемпионов, 5",60.0,77415
"Екатеринбург, ул. Водоёмная, стр. 13",51.0,81373
"Екатеринбург, Орджоникидзевский район, микрорайон Эльмаш, ул. Стачек, 4",60.4,59603
"Екатеринбург, ул. Азина, 57",70.0,105143
"Екатеринбург, ул. Щербакова, 74",59.0,66102
"Екатеринбург, ул. Анатолия Мехренцева, 9",37.0,71622
"Екатеринбург, ул. Евгения Савкова, д. 35",61.1,61375
"Екатеринбург, ул. Чкалова, стр. 22",89.3,73908
"Екатеринбург, ул. Гастелло/Дальневосточная/Мраморская/пер. Каслинский, стр. 2",60.0,70167
"Екатеринбург, микрорайон Академический, пр-т Академика Сахарова, 76",79.0,56329
"Екатеринбург, Орджоникидзевский район, микрорайон Уралмаш, ул. Калинина, 3",42.0,97595
"Екатеринбург, ул. Чемпионов, д. 4",28.2,81560
"Екатеринбург, Дорожная ул., 19",76.4,66754
"Екатеринбург, Свердловская обл, Екатеринбург, Завокзальный, ул. Летчиков, 7",32.0,61562
"Екатеринбург, пер. Широкий, стр. 2а",72.0,66694
"Екатеринбург, Свердловская обл, Екатеринбург, Вторчермет, ул. Братская, 27/3",84.0,53571
"Екатеринбург, Свердловская обл, Екатеринбург, Уктус, ул. Патриотов, 6",76.0,50658
"Екатеринбург, Свердловская обл, Екатеринбург, Вторчермет, ул. Братская, 27/1",84.8,73113
"Екатеринбург, Широкий пер., 2А",57.0,67772
"Екатеринбург, ул. Студенческая, д. 1, секц. 2.1-2.2",30.0,93333
"Екатеринбург, ул. Бажова, 166",95.0,55000
"Екатеринбург, ул. Рябинина, 21",62.0,59677
"Екатеринбург, ул. Азина, 27",96.3,79413
"Екатеринбург, Железнодорожный район, микрорайон Новая Сортировка, ул. Пехотинцев, 3к4",46.0,72826
"Екатеринбург, микрорайон Вторчермет, Чкаловский район, Екатеринбург, Свердловская область, Братская улица, 27к3",44.0,67045
"Екатеринбург, пр-т Академика Сахарова/ул. Вильгельма де Геннина/Тимофеева-Ресовского/Рябинина, стр. 26.4.2",28.8,71875
"Екатеринбург, ул. Чкалова, 258",72.0,68750
"Екатеринбург, ул. Филатовская/Мезенская/Латвийская/Логиновская, ЖК «Хрустальные ключи»",23.0,34783
"Екатеринбург, ул. Восточная, д. 31",40.5,91358
"Екатеринбург, ул. Чемпионов, 4",53.0,83019
"Екатеринбург, ул. Крауля/Рабочих/Красных Зорь/Лоцмановых, ЖК «Русь»",35.0,98571
"Екатеринбург, Орджоникидзевский район, микрорайон Эльмаш, Таганская ул., 79",50.8,82677
"Екатеринбург, ул. Белинского, 177Ак3",44.0,110455
"Екатеринбург, ул. Вильгельма де Геннина, 37",40.0,82250
"Екатеринбург, мкр. Светлый, стр. 6",32.5,65538
"Екатеринбург, Россия, Екатеринбург, ул Цвиллинга, 58",30.2,104305
"Екатеринбург, Свердловская обл, Екатеринбург, Академический, ул. Вильгельма де Геннина, 34",60.4,65232
"Екатеринбург, Рощинская ул., 41",52.6,73194
"Екатеринбург, ул. 3-го Интернационала, ЖК «Татлин»",42.1,85273
"Екатеринбург, Свердловская обл, Екатеринбург, УНЦ, ул. Краснолесья, 76",40.4,74257
"Екатеринбург, Свердловская обл, Екатеринбург, Академический, ул. Анатолия Мехренцева, 38",57.6,70312
"Екатеринбург, Свердловская обл, Екатеринбург, УНЦ, ул. Краснолесья, 30",81.0,69753
"Екатеринбург, Свердловская обл, Екатеринбург, Уктус, мкр. Светлый, 3",35.0,64857
"Екатеринбург, Свердловская обл, Екатеринбург, Академический, ул. Рябинина, 21",55.0,65273
"Екатеринбург, ул. Крауля/Рабочих/Красных Зорь/Лоцмановых, 1 очередь",43.0,87209
"Екатеринбург, Переходный пер., 6",29.0,111724
"Екатеринбург, Свердловская обл, Екатеринбург, Академический, пр-кт. Академика Сахарова, 75",36.2,77348
"Екатеринбург, Свердловская обл, Екатеринбург, ВИЗ, ул. Крауля, 44",88.0,85227
"Екатеринбург, Чкаловский район, микрорайон Светлый, 5",32.0,68750
"Екатеринбург, ул. Рябинина, 29",40.0,69750
"Екатеринбург, Свердловская область, Екатеринбург, район Чкаловский, Ремесленный пер, 6",36.4,85137
"Екатеринбург, Октябрьский район, микрорайон Лечебный, Волчанский пер., 2А",63.0,62698
"Екатеринбург, Свердловская область, Екатеринбург, район Чкаловский, Родонитовая ул, 23А",34.7,105187
"Екатеринбург, ул.Стачек, д. 68",63.0,80159
"Екатеринбург, ул. Щербакова, этап 1.4",29.0,81034
"Екатеринбург, Свердловская область, Екатеринбург, район Ленинский, Анатолия Мехренцева ул",83.0,65060
"Екатеринбург, ул. 3-го Интернационала, стр. 1а",29.1,90500
"Екатеринбург, ул. Юмашева, 11",85.5,97076
"Екатеринбург, мкр. Светлый, стр. 6",34.3,65889
"Екатеринбург, Свердловская обл, Екатеринбург, Н.Сортировка, ул. Крупносортщиков, 12",57.6,57292
"Екатеринбург, ул. Евгения Савкова, 8",51.2,70312
"Екатеринбург, ул. Гастелло/Дальневосточная/Мраморская/пер. Каслинский, стр. 2",109.0,80275
"Екатеринбург, ул. Павлодарская, жилой дом",62.5,55984
"Екатеринбург, Свердловская область, Екатеринбург, район Завокзальный, Летчиков ул, 7",33.0,77273
"Екатеринбург, ул. Большакова, д. 147",54.6,104000
"Екатеринбург, ул. Лётчиков, 7",25.0,70000
"Екатеринбург, ул. Вайнера, 60",85.5,107602
"Екатеринбург, Свердловская обл, Екатеринбург, Широкая Речка, ул. Евгения Савкова, 35/2",21.0,86667
"Екатеринбург, Кировский район, микрорайон Пионерский, ул. Данилы Зверева, 7Б",61.8,70550
"Екатеринбург, ул. Рябинина, 18",50.7,55917
"Екатеринбург, ул. Рябинина, 21",80.0,63750
"Екатеринбург, Орджоникидзевский район, микрорайон Эльмаш, ул. Красных Командиров, 21",93.0,59140
"Екатеринбург, ул. Чкалова, стр. 22",93.1,81525
"Екатеринбург, Свердловская область, Екатеринбург, район Ленинский, Шейнкмана ул, 90",52.0,144231
"Екатеринбург, ул. Чемпионов, 4",32.0,95938
"Екатеринбург, ул. Колмогорова, 73к3",58.2,96220
"Екатеринбург, Кировский район, микрорайон Втузгородок, Студенческая ул., 80",27.0,96296
"Екатеринбург, ул. Крестинского, 49к2",70.6,75071
"Екатеринбург, Верх-Исетский район, микрорайон Визовский",28.0,90514
"Екатеринбург, микрорайон Академический, ул. Павла Шаманова, 26",57.8,65727
"Екатеринбург, ул. Бахчиванджи, д. 12а",38.9,54499
"Екатеринбург, Московская ул., 75",38.0,128947
"Екатеринбург, микрорайон Академический, пр-т Академика Сахарова, 31",56.0,87500
"Екатеринбург, Железнодорожный район, микрорайон Новая Сортировка, ул. Софьи Перовской, 108",42.0,65714
"Екатеринбург, Базовый пер., 54",57.0,63158
"Екатеринбург, ул. Николая Островского, стр. 1",57.8,77855
"Екатеринбург, мкр. Светлый, стр. 7",44.0,64136
"Екатеринбург, пр-т Ленина, 8",80.7,102398
"Екатеринбург, ул. Краснолесья, 103",81.4,63268
"Екатеринбург, микрорайон Академический, ул. Павла Шаманова, 44",40.0,72500
"Екатеринбург, Свердловская область, Екатеринбург, район Верх-Исетский, Евгения Савкова ул, 31",57.0,63158
"Екатеринбург, Свердловская область, Екатеринбург, район Центр, Степана Разина ул, 2",57.6,104167
"Екатеринбург, Свердловская область, Екатеринбург, район Академический, Павла Шаманова ул, 60",60.0,61667
"Екатеринбург, пр-т Космонавтов, 11",40.6,81281
"Екатеринбург, Красный пер., 5к1",69.0,123188
"Екатеринбург, Свердловская область, Екатеринбург, район Чкаловский, Сызранский пер, 15",42.0,76190
"Екатеринбург, ул. Краснолесья, 135",82.3,66829
"Екатеринбург, ул. Евгения Савкова, 15",48.0,62479
"Екатеринбург, Свердловская область, Екатеринбург, микрорайон УНЦ",49.4,67743
"Екатеринбург, ул. Гастелло/Дальневосточная/Мраморская/пер. Каслинский, стр. 2",99.8,75050
"Екатеринбург, Орджоникидзевский район, микрорайон Эльмаш, ул. Старых Большевиков, 3В",35.1,81481
"Екатеринбург, ул. Бакинских Комиссаров, 97",81.6,75980
"Екатеринбург, Октябрьский район, микрорайон Лечебный, Волчанский пер., 2А",45.0,66222
"Екатеринбург, ул. Готвальда",28.9,91126
"Екатеринбург, Чкаловский район, микрорайон Солнечный",59.0,69000
"Екатеринбург, пос. Совхозный",49.1,75356
"Екатеринбург, Октябрьский район, микрорайон Птицефабрика, Варшавская ул., 38",43.3,49654
"Екатеринбург, ул. Белинского, д. 163б",106.6,73500
"Екатеринбург, ул. Бакинских Комиссаров, 173",46.0,71522
"Екатеринбург, ул. Маяковского, 8",76.0,62763
"Екатеринбург, микрорайон Академический, пр-т Академика Сахарова, 37",64.0,57266
"Екатеринбург, ул. Вильгельма де Геннина, 42",60.0,58667
"Екатеринбург, ул. Рябинина, 18",81.0,55173
"Екатеринбург, ул. Суходольская/Ландау/Ручейная, стр. 3",80.4,66667
"Екатеринбург, ул. Чкалова, стр. 22",104.7,104967
"Екатеринбург, микрорайон Академический, пр-т Академика Сахарова, 76",79.0,56329
"Екатеринбург, Павлодарская ул., 48",54.9,74681
"Екатеринбург, ул. Верхнеуфалейская/Ручейная/Евгения Савкова/Тенистая, стр. 4",69.3,57758
"Екатеринбург, ул.Стачек, д. 68",68.8,94477
"Екатеринбург, Кировский район, микрорайон Пионерский, ул. Менделеева, 18",83.0,68072
"Екатеринбург, Верх-Исетский район, микрорайон Широкая Речка, ул. Соболева, 19",40.1,74813
"Екатеринбург, ул. Шейнкмана",73.4,133515
"Екатеринбург, мкр. Светлый, стр. 7",29.0,66413
"Екатеринбург, ул. Малышева, 42А",36.0,150000
"Екатеринбург, Кировский район, микрорайон Втузгородок, Библиотечная ул., 43",92.0,85761
"Екатеринбург, ул. Евгения Савкова, д. 35",82.1,59927
"Екатеринбург, Свердловская обл, г Екатеринбург, ул Миасская, 12",37.0,93243
"Екатеринбург, Свердловская обл, г Екатеринбург, ул Мельникова, 27",65.0,122923
"Екатеринбург, Совхозная , 4",69.2,73699
"Екатеринбург, 40-летия Комсомола , 32г",40.1,68828
"Екатеринбург, Заводская , 73",92.0,73587
"Екатеринбург, Инженерная , 17",43.4,45853
"Екатеринбург, Светлый Микрорайон , 5",44.0,75000
"Екатеринбург, Гастелло , 25",37.1,86253
"Екатеринбург, Рутминского , 4",59.6,73658
"Екатеринбург, Шейнкмана , 90",84.0,98810
"Екатеринбург, Пехотинцев , 4 к 1",62.1,70853
"Екатеринбург, проспект Академика Сахарова , 29",82.6,62954
"Екатеринбург, ул. Блюхера, д. 97",66.3,66214
"Екатеринбург, ул. Рябинина, 29",38.0,71053
"Екатеринбург, Свердловская обл, г Екатеринбург, ул Анатолия Мехренцева, 5",38.0,78921
"Екатеринбург, г. Екатеринбург, ул. Широкореченская, 76",33.0,65152
"Екатеринбург, Российская Федерация, Свердловская обл, г Екатеринбург, ул Куйбышева, 159, корп.а",33.0,77273
"Екатеринбург, Свердловская обл, г Екатеринбург, ул Ирбитская, 8",70.0,93857
"Екатеринбург, ул. Лучистая, д. 4",57.9,74266
"Екатеринбург, Свердловская обл, г Екатеринбург, ул Бахчиванджи, 22а",24.1,86722
"Екатеринбург, Верх-Исетский б-р, ЖК «Дом на бульваре»",106.0,122642
"Екатеринбург, г. Екатеринбург, ул. Сакко и Ванцетти, д. 47, ЖК ""Палладиум""",110.0,119818
"Екатеринбург, ул. Татищева, 179",60.0,78333
"Екатеринбург, микрорайон Юго-Западный, Белореченская ул., 4",33.0,109091
"Екатеринбург, ул. Крестинского, 35А",46.0,85870
"Екатеринбург, микрорайон Академический, пр-т Академика Сахарова, 31",56.0,69464
"Екатеринбург, ул. 8 марта, д. 204Б",51.0,88235
"Екатеринбург, ул. Крестинского, д. 4",53.0,83962
"Екатеринбург, ул. Гастелло/Дальневосточная/Мраморская/пер. Каслинский, стр. 2",41.5,75904
"Екатеринбург, Краснолесья 30",64.0,75000
"Екатеринбург, Свердловская обл, г Екатеринбург, ул Радищева, 33",86.0,91744
"Екатеринбург, Екатеринбург, ул. Прониной, 27",59.0,57627
"Екатеринбург, Свердловская обл, г Екатеринбург, ул Красных командиров, 21",40.0,72250
"Екатеринбург, Свердловская обл, г Екатеринбург, ул Пехотинцев, 4 к1",67.0,70746
"Екатеринбург, Свердловская обл, г Екатеринбург, ул Евгения Савкова, 8",30.3,75875
"Екатеринбург, Свердловская обл, г Екатеринбург, ул Московская, 198",83.8,78162
"Екатеринбург, Свердловская обл. г.Екатеринбург, ул.Билимбаевская, д.25, корпус 4",37.6,65160
"Екатеринбург, Екатеринбург, Водоемная 80/3",35.0,88286
"Екатеринбург, Свердловская обл, г Екатеринбург, ул Циолковского, 27",46.0,114130
"Екатеринбург, Куйбышева 159 а",78.0,58974
"Екатеринбург, Свердловская обл, г Екатеринбург, ул Краснолесья, 10 к3",39.0,79487
"Екатеринбург, Екатеринбург, Шевченко 18",126.0,87222
"Екатеринбург, Свердловская обл, г Екатеринбург, ул Саввы Белых, 1",47.0,93404
"Екатеринбург, Свердловская обл, г Екатеринбург, ул Большакова, 25",96.0,91667
"Екатеринбург, Свердловская обл, г Екатеринбург, ул Рябинина, 23",84.0,57024
"Екатеринбург, ул. Машинистов, 3",36.0,102500
"Екатеринбург, Свердловская область, Екатеринбург, улица Ткачей, 16А",75.0,112000
"Екатеринбург, ул. Крауля, 87к2",38.5,82743
"Екатеринбург, ул. Циолковского, 29",46.0,109783
"Екатеринбург, ул. Блюхера, 97",96.8,53719
"Екатеринбург, ул. Куйбышева, 21",74.2,134771
"Екатеринбург, ул. Краснолесья, 155",40.0,69750
"Екатеринбург, Октябрьский район, микрорайон Кольцово, Ракетная ул., 18",68.0,61750
"Екатеринбург, микрорайон Академический, пр-т Академика Сахарова, 47",58.0,68103
"Екатеринбург, ул. Токарей, 27к2",42.1,104513
"Екатеринбург, ул. Шейнкмана, 88",85.0,144706
"Екатеринбург, Октябрьский район, жилой комплекс Clever Park",92.7,81304
"Екатеринбург, ул. Краснолесья, 16к3",81.0,61728
"Екатеринбург, Карасьевская , 38",69.0,60145
"Екатеринбург, Чкаловский район, микрорайон Светлый, 6",58.8,61037
"Екатеринбург, ул. Юлиуса Фучика, 9",107.1,84034
"Екатеринбург, микрорайон Академический, ул. Павла Шаманова, 11",83.0,60120
"Екатеринбург, Золотистый б-р, 4",40.0,73750
"Екатеринбург, ул. Гастелло/Дальневосточная/Мраморская/пер. Каслинский, стр. 2",79.7,75270
"Екатеринбург, ул. Лётчиков, 7",31.2,64103
"Екатеринбург, ул. Щербакова, 20",93.0,60215
"Екатеринбург, Железнодорожный район, микрорайон Новая Сортировка, ул. Крупносортщиков, 12А",41.0,65829
"Екатеринбург, ул. Начдива Онуфриева, 6к1",37.0,80811
"Екатеринбург, Чкаловский район, микрорайон Химмаш, Профсоюзная ул., 83",48.0,53125
"Екатеринбург, Кировский район, микрорайон Втузгородок, ул. Мира, 44Б",62.2,80386
"Екатеринбург, ул. Юлиуса Фучика, 11",71.8,96100
"Екатеринбург, ул. Ткачей, 17",117.0,101709
"Екатеринбург, ул. Евгения Савкова, 8",54.0,59259
"Екатеринбург, микрорайон ЖБИ, Рассветная ул., 8к3",28.0,94643
"Екатеринбург, ул. 3-го Интернационала, стр. 1а",37.7,72500
"Екатеринбург, ул. 8 Марта, 181к5",46.0,98478
"Екатеринбург, ул. Репина, стр. 4А",74.0,73378
"Екатеринбург, ул. Репина, стр. 4Б",57.0,76632
"Екатеринбург, Чкаловский район, микрорайон Вторчермет, Сызранский пер., 15",42.0,71429
"Екатеринбург, Свердловская область, Екатеринбург, микрорайон Автовокзал",50.0,107960
"Екатеринбург, ул. Михеева, 2",67.1,76006
"Екатеринбург, ул. Шейнкмана, 90",140.0,127143
"Екатеринбург, ул Соболева, д.19",41.0,82927
"Екатеринбург, пос. Мичуринский, Карасьевская ул., 44",44.4,67545
"Екатеринбург, ул. Серова, 45",61.0,93443
"Екатеринбург, ул. Суходольская/Ландау/Ручейная, стр. 3",78.2,61253
"Екатеринбург, Орджоникидзевский район, микрорайон Эльмаш, Парниковая ул., 6",77.0,71429
"Екатеринбург, ул. Чкалова, стр. 22",25.1,96414
"Екатеринбург, Чкаловский район, микрорайон Светлый, 5",30.0,68333
"Екатеринбург, ул. Летчиков, д. 7",34.0,59706
"Екатеринбург, ул. Гастелло, д. 25",38.5,84416
"Екатеринбург, пр-т Ленина, 8",55.5,105838
"Екатеринбург, микрорайон Академический, пр-т Академика Сахарова, 29",42.8,78271
"Екатеринбург, Верх-Исетский район, микрорайон Широкая Речка, ул. Соболева, 19",89.0,67404
"Екатеринбург, ул. Татищева, 54",46.5,87097
"Екатеринбург, Мраморская ул., 2",28.0,89286
"Екатеринбург, Комсомольская ул., 76",88.4,76923
"Екатеринбург, ул. Евгения Савкова/Хрустальногорская/Верхнеуфалейская, стр. 2",29.0,65517
"Екатеринбург, ул. Николая Островского, стр. 1",102.3,71359
"Екатеринбург, микрорайон Академический, ул. Павла Шаманова, 60",45.0,72222
"Екатеринбург, Машинная , 44 к 3",31.0,109355
"Екатеринбург, Кировский район, микрорайон Пионерский, Трамвайный пер., 2к4",67.0,88433
"Екатеринбург, Краснолесья , 163",82.5,65455
"Екатеринбург, Академика Вонсовского , 21 к 2",41.9,78520
"Екатеринбург, ул. Вильгельма де Геннина, 41",39.0,72795
"Екатеринбург, ул. Гастелло/Дальневосточная/Мраморская/пер. Каслинский, стр. 2",119.6,79348
"Екатеринбург, пер. Трактористов, 4",46.0,88913
"Екатеринбург, ул. Чемпионов, 4",42.0,73810
"Екатеринбург, Октябрьский район, микрорайон Кольцово, Ракетная ул., 20",64.7,61808
"Екатеринбург, ул. Евгения Савкова, д. 35/2",22.0,79545
"Екатеринбург, ул. Водоёмная, стр. 10",47.5,78926
"Екатеринбург, микрорайон Академический, пр-т Академика Сахарова",40.3,74194
"Екатеринбург, ул. Белинского, 54",136.0,102206
"Екатеринбург, ул. Шейнкмана, стр. 3",113.0,114159
"Екатеринбург, микрорайон Академический, пр-т Академика Сахарова, 31",54.0,70370
"Екатеринбург, ул. Героев России, 35",44.0,77273
"Екатеринбург, ул. Лётчиков, 7",42.0,62381
"Екатеринбург, ул. Юмашева, 11",85.5,97076
"Екатеринбург, Бакинских комиссаров , 113",71.3,86957
"Екатеринбург, Орджоникидзевский район, микрорайон Эльмаш, ул. Старых Большевиков, 3В",58.0,75862
"Екатеринбург, Свердловская область, Екатеринбург, район Кировский, Малышева ул, 154",48.4,71901
"Екатеринбург, ул. Ползунова/Краснофлотцев/Даниловская/Замятина, стр. 1",44.0,79545
"Екатеринбург, ул. Раевского, 18А",83.0,68494
"Екатеринбург, ул. Краснолесья, 149",42.7,77283
"Екатеринбург, ул. Маршала Жукова, 13",128.0,161719
"Екатеринбург, Свердловская область, Екатеринбург, микрорайон Автовокзал",57.2,67213
"Екатеринбург, микрорайон Академический, ул. Павла Шаманова, 9",85.0,94118
"Екатеринбург, ул. Рябинина, 29",55.4,70397
"Екатеринбург, Чкаловский район, микрорайон Светлый",86.3,53279
"Екатеринбург, Машинная ул., 1Бк2",87.3,70527
"Екатеринбург, ул.Педагогическая/Гагарина/Вишневая/Мира/Библиотечная, стр. 48-1",45.5,81758
"Екатеринбург, Ленинский район, микрорайон Европейский, ул. Барвинка, 45",47.0,72340
"Екатеринбург, ул. Крестинского, стр. 61",46.4,75216
"Екатеринбург, ул. Готвальда, 21к2",51.3,75049
"Екатеринбург, Базовый пер., 52",72.0,62500
"Екатеринбург, ул. Чкалова, стр. 22",91.2,85417
"Екатеринбург, ул. Анатолия Мехренцева, 42",40.8,65931
"Екатеринбург, Свердловская область, Екатеринбург, район Ленинский, Краснолесья ул, 26",104.0,55288
"Екатеринбург, Чкаловский район, микрорайон Вторчермет, Братская ул., 27к2",95.0,54737
"Екатеринбург, Октябрьский район, микрорайон Кольцово, Ракетная ул., 18",48.2,53942
"Екатеринбург, ул. Готвальда, 14А",44.0,85227
"Екатеринбург, ул. Евгения Савкова, д. 35",44.7,61521
"Екатеринбург, пос. Мичуринский, Широкореченская ул., 43",50.0,60368
"Екатеринбург, ул. Чемпионов, 5",38.1,78874
"Екатеринбург, Россия, Екатеринбург, ул Индустрии, 66",33.3,81081
"Екатеринбург, микрорайон Юго-Западный, Ясная ул., 22Г",60.9,91133
"Екатеринбург, Орджоникидзевский район, микрорайон Эльмаш, ул. Стачек, 66",20.0,116000
"Екатеринбург, Кировский район, микрорайон Пионерский, ул. Сулимова, 3",94.0,70574
"Екатеринбург, Железнодорожный район, микрорайон Новая Сортировка, ул. Крупносортщиков, 12",78.0,65385
"Екатеринбург, ул. Шаумяна/Московская/Фурманова, стр. 1",64.9,88598
"Екатеринбург, Рощинская улица, 41",81.0,67889
"Екатеринбург, ул. Суходольская/Ландау/Ручейная, стр. 3",43.1,71926
"Екатеринбург, ул. Евгения Савкова, д. 35",69.1,58611
"Екатеринбург, 8 Марта , 194",42.6,100939
"Екатеринбург, ул. Гастелло/Дальневосточная/Мраморская/пер. Каслинский, стр. 2",59.4,72222
"Екатеринбург, Комсомольская ул., 78",74.0,85135
"Екатеринбург, Хрустальногорская ул., 87",83.0,63253
"Екатеринбург, Свердловская область, Екатеринбург, район Октябрьский, Белинского ул, 41",99.8,139279
"Екатеринбург, Верх-Исетский район, микрорайон Широкая Речка, ул. Соболева, 19",96.0,88542
"Екатеринбург, ул. Татищева, 54",43.0,93000
"Екатеринбург, ул. Радищева, 33",107.1,91317
"Екатеринбург, ул. Зои Космодемьянской, д. 44/2",45.0,64222
"Екатеринбург, ул. Чкалова, стр. 22",71.7,82287
"Екатеринбург, ул. Евгения Савкова",89.0,53371
"Екатеринбург, Чкаловский район, микрорайон Светлый, 1",46.3,67387
"Екатеринбург, ул. Белинского, д. 161",92.8,78000
"Екатеринбург, ул. Данилы Зверева, д. 5а",56.0,92857
"Екатеринбург, ул. Анатолия Мехренцева, 42",39.0,70769
"Екатеринбург, Кировский район, микрорайон Пионерский, Трамвайный пер., 2к3",42.0,92143
"Екатеринбург, Московская ул., 55",71.0,119718
"Екатеринбург, ул. Евгения Савкова, 8",35.0,76857
"Екатеринбург, ул. Раевского, 6",108.0,78704
"Екатеринбург, ул. Московская, д. 198",83.8,81742
"Екатеринбург, Свердловская область, Екатеринбург, лесопарк Юго-Западный",90.0,67778
"Екатеринбург, ул. Шаумяна/Московская/Фурманова, стр. 1",65.2,105828
"Екатеринбург, микрорайон Академический, пр-т Академика Сахарова, 78",40.0,67500
"Екатеринбург, ул. Юмашева, 9",52.0,125000
"Екатеринбург, ул. Лучистая/Счастливая/Чемпионов/Новосибирская, ЖР «Солнечный»",57.9,72539
"Екатеринбург, Светлый Микрорайон , 5",43.4,67972
"Екатеринбург, Чкаловский район, микрорайон Светлый, 3",42.0,63095
"Екатеринбург, ул. Куйбышева, 159А",41.0,72927
"Екатеринбург, Рощинская ул., 27",23.0,95652
"Екатеринбург, ул. Щербакова, 5А",55.0,85455
"Екатеринбург, Луганская ул., 6",108.0,70370
"Екатеринбург, Рощинская ул., 44",47.0,62766
"Екатеринбург, микрорайон Елизавет, Мартовская ул., 3",24.0,78750
"Екатеринбург, ул. Шевелева, 7",84.0,96429
"Екатеринбург, ул. Юмашева, д. 1",45.7,96280
"Екатеринбург, ул. Академика Постовского, д. 17а",38.4,78125
"Екатеринбург, Свердловская обл, Екатеринбург, Заречный, ул. Готвальда, 22",88.4,79072
"Екатеринбург, Терновый пер., 8",64.6,60356
"Екатеринбург, ул. Вильгельма де Геннина, 39",42.7,65574
"Екатеринбург, Чкаловский район, микрорайон Светлый",47.9,53664
"Екатеринбург, ул. Дорожная, стр. 16",42.3,69740
"Екатеринбург, ул. Михеева, 2",41.0,80488
"Екатеринбург, ул. Шейнкмана, 90",130.0,92692
"Екатеринбург, Свердловская область, Екатеринбург, Первая линия, метро Ботаническая",84.0,69048
"Екатеринбург, Октябрьский район, микрорайон Лечебный, Волчанский пер., 2А",50.0,59400
"Екатеринбург, ул. Академика Постовского",42.4,75472
"Екатеринбург, Золотистый б-р, 4",33.0,77273
"Екатеринбург, Чкаловский район, микрорайон Светлый, 6",40.8,58248
"Екатеринбург, ул. Омская, ЖК «Основа»",85.3,65651
"Екатеринбург, Свердловская область, Екатеринбург, микрорайон Автовокзал",37.4,77299
"Екатеринбург, ул. Краснолесья/Очеретина, стр. 3",51.7,57060
"Екатеринбург, ул. Гастелло/Дальневосточная/Мраморская/пер. Каслинский, стр. 2",80.6,74194
"Екатеринбург, ул. Шевченко, 18",132.0,143856
"Екатеринбург, Московская улица, 259",45.0,101111
"Екатеринбург, ул. Братская, д. 27, корп. 3",95.1,47319
"Екатеринбург, Свердловская область, Екатеринбург, район Вторчермет, Окружная ул, 8",43.0,59302
"Екатеринбург, Свердловская область, Екатеринбург, район Уктус, Рощинская ул, 27",25.0,90000
"Екатеринбург, микрорайон Академический, пр-т Академика Сахарова, 31",58.0,64655
"Екатеринбург, Волгоградская , 29а",83.0,75301
"Екатеринбург, Свердловская область, Екатеринбург, район Автовокзал, Циолковского ул, 57",52.0,99038
"Екатеринбург, Свердловская область, Екатеринбург, район Центр, Восточная ул, 80",57.6,71163
"Екатеринбург, Свердловская область, Екатеринбург, район Вторчермет, Селькоровская ул, 10А",36.0,80556
"Екатеринбург, Свердловская область, Екатеринбург, район Автовокзал, Онежская ул, 9",44.3,71106
"Екатеринбург, Чкаловский район, микрорайон Солнечный",27.7,97292
"Екатеринбург, ул. Маяковского, стр. 2, лит. Е",46.0,88043
"Екатеринбург, ул. Краснолесья, 20",53.0,58491
"Екатеринбург, б-р. Академика Семихатова, д. 18",54.0,61111
"Екатеринбург, пр-т Ленина, 52к2",57.0,84211
"Екатеринбург, ул. Евгения Савкова, 35",53.4,55925
"Екатеринбург, ул. Амундсена, 118",76.0,65776
"Екатеринбург, Трамвайный пер. , 2 к 3",62.0,92742
"Екатеринбург, ул. Ирбитская, стр. 5",73.5,70204
"Екатеринбург, ул. Чкалова, 241",47.0,70213
"Екатеринбург, ул. Фурманова, д. 124",53.0,94340
"Екатеринбург, Орджоникидзевский район, микрорайон Эльмаш, Совхозная ул., 4",68.6,77974
"Екатеринбург, Верх-Исетский район, микрорайон Широкая Речка, ул. Анатолия Муранова, 18",42.0,67857
"Екатеринбург, ул Республиканская, 5",107.8,41651
"Екатеринбург, Кировский район, микрорайон Пионерский, Флотская ул., 41",45.0,92222
"Екатеринбург, Селькоровская ул., 34",49.2,72154
"Екатеринбург, Кировский район, микрорайон Пионерский, Уральская ул., 57к2",120.0,66667
"Екатеринбург, б-р Академика Семихатова, 18",49.0,60204
"Екатеринбург, Самолётная ул., 31А",39.0,70000
"Екатеринбург, ул. Щербакова, 77к3",39.0,83333
"Екатеринбург, Стачек , 60",40.8,77206
"Екатеринбург, Рутминского , 2",63.3,70932
"Екатеринбург, Стачек , 60",40.8,77206
"Екатеринбург, Золотистый бульвар , 4",27.2,88971
"Екатеринбург, Радищева , 33",86.0,90698
"Екатеринбург, Шаумяна , 87",90.0,113333
"Екатеринбург, 8 Марта , 181 к 6",63.0,97619
"Екатеринбург, Свердловская область, Екатеринбург, Рощинская, 21",23.2,86207
"Екатеринбург, ул. Вильгельма де Геннина, 42",84.1,68371
"Екатеринбург, ул. Машинная, д. 44, корп. 1",75.0,96667
"Екатеринбург, Свердловская область, Екатеринбург, микрорайон Академический",38.0,75789
"Екатеринбург, Рощинская ул., 28",51.0,62000
"Екатеринбург, ул.Стачек, д. 68",20.0,115000
"Екатеринбург, ул. Краснолесья, 24",83.0,74699
"Екатеринбург, ул. Щербакова, 74",41.0,75439
"Екатеринбург, ул Щербакова",86.0,69349
"Екатеринбург, ул. Краснолесья, 30",82.0,58537
"Екатеринбург, ул. Николая Островского, 5",88.5,86893
"Екатеринбург, микрорайон Академический, ул. Павла Шаманова, 17",39.2,70918
"Екатеринбург, ул. Чкалова, 252",34.0,76471
"Екатеринбург, ул. Рябинина, 21",60.0,68167
"Екатеринбург, Чкаловский район, микрорайон Светлый, 6",34.2,61263
"Екатеринбург, ул. Евгения Савкова, 35/2",35.3,62602
"Екатеринбург, ул. Рябинина, 29",64.2,67757
"Екатеринбург, Московская ул., 66",83.0,114458
"Екатеринбург, Свердловская область, Екатеринбург, микрорайон Автовокзал",28.1,87324
"Екатеринбург, Переходный пер., 6",105.0,76577
"Екатеринбург, ул. Радищева, 61",150.0,88000
"Екатеринбург, ул. Евгения Савкова, 4",38.5,88727
"Екатеринбург, ул. Солнечная, стр. 1",41.7,85851
"Екатеринбург, ул. Гастелло/Дальневосточная/Мраморская/пер. Каслинский, стр. 2",64.6,74149
"Екатеринбург, Чкаловский район, микрорайон Светлый",50.0,63000
"Екатеринбург, микрорайон Академический",67.0,66418
"Екатеринбург, ул. Бебеля, 144",42.0,86905
"Екатеринбург, ул. 8 Марта, стр. 197/3",36.0,84722
"Екатеринбург, ул. Ткачей, 13",49.4,105263
"Екатеринбург, ул. Ирбитская, стр. 5",76.7,61838
"Екатеринбург, ул. Евгения Савкова, 8",38.0,67895
"Екатеринбург, ул. Евгения Савкова, д. 4",60.0,60000
"Екатеринбург, ул. Краснолесья/Очеретина, стр. 3",31.6,68157
"Екатеринбург, Свердловская обл, Екатеринбург, Н.Сортировка, ул. Софьи Перовской, 101",48.2,57676
"Екатеринбург, микрорайон Академический, пр-т Академика Сахарова, 75",77.0,62494
"Екатеринбург, Орджоникидзевский район, микрорайон Эльмаш, Совхозная ул., 2",43.2,79861
"Екатеринбург, микрорайон Академический, пр-т Академика Сахарова, 39",73.0,63973
"Екатеринбург, ул.Стачек, д. 68",75.7,77147
"Екатеринбург, ул. Прониной, стр. 27",35.0,58857
"Екатеринбург, Кировский район, микрорайон Пионерский, ул. Данилы Зверева, 7Б",76.0,78289
"Екатеринбург, ул. Евгения Савкова, 4",59.0,64407
"Екатеринбург, Кировский район, микрорайон Пионерский, ул. Данилы Зверева, 7В",60.0,79833
"Екатеринбург, ул. Гастелло/Дальневосточная/Мраморская/пер. Каслинский, стр. 2",101.8,77407
"Екатеринбург, Верх-Исетский район, микрорайон Широкая Речка, ул. Соболева, 19",67.0,68657
"Екатеринбург, ул. Краснолесья, 161",61.0,68033
"Екатеринбург, ул. Краснолесья, 70",39.0,86923
"Екатеринбург, Чкаловский район, микрорайон Ботанический, Родонитовая ул., 20А",36.3,88154
"Екатеринбург, ул. Хохрякова, 74",157.0,100000
"Екатеринбург, Свердловская область, Екатеринбург, район Верх-Исетский, Петра Кожемяко б-р, 16",50.0,61000
"Екатеринбург, Россия, Екатеринбург, ул Евгения Савкова, 31",53.9,74212
"Екатеринбург, мкр. Светлый, стр. 6",34.3,65889
"Екатеринбург, ул. Щербакова, этап 1.4",60.0,66167
"Екатеринбург, ул. Академика Вонсовского, д. 21",69.0,69710
"Екатеринбург, ул. Академика Вонсовского, 21/2",45.0,77600
"Екатеринбург, ул. Академика Вонсовского, 21",71.0,70634
"Екатеринбург, Водоёмная ул., 80к3",67.0,82090
"Екатеринбург, Свердловская область, Екатеринбург, район Ленинский, Разливная ул, 50/2",73.0,67123
"Екатеринбург, Свердловская обл, Екатеринбург, Н.Сортировка, ул. Крупносортщиков, 12",57.6,57292
"Екатеринбург, ул. Шаумяна/Московская/Фурманова, стр. 1",69.9,79542
"Екатеринбург, ул. Татищева, 54",86.0,95337
"Екатеринбург, ул. Степана Разина, 107Ак2",40.0,107250
"Екатеринбург, Машинная ул., 1Бк2",93.9,69728
"Екатеринбург, ул. Чемпионов, д. 4",36.0,75000
"Екатеринбург, ул. Чкалова, 250",103.9,60443
"Екатеринбург, Машинная ул., 1Бк2",87.3,72778
"Екатеринбург, ул. Николая Островского, стр. 1",58.0,78966
"Екатеринбург, микрорайон Академический, ул. Павла Шаманова, 34",79.7,60853
"Екатеринбург, ул. Евгения Савкова, 15",48.0,62479
"Екатеринбург, ул. Евгения Савкова, д. 35",60.8,61678
"Екатеринбург, Россия, Екатеринбург, ул Евгения Савкова, 31",76.8,72917
"Екатеринбург, ул. Счастливая, д. 3",34.1,72727
"Екатеринбург, ул. Героев России, 35",38.0,83421
"Екатеринбург, Свердловская обл, Екатеринбург, Автовокзал, ул. Николая Островского, 7",62.0,90323
"Екатеринбург, ул. 8 марта, д. 204Б",38.1,103937
"Екатеринбург, Свердловская обл, Екатеринбург, Ю-З, ул. Волгоградская, 29а",104.0,61827
"Екатеринбург, ул. Белинского, д. 163б",44.6,90500
"Екатеринбург, ул. Николая Островского, стр. 2",33.6,75893
"Екатеринбург, Евгения Савкова , 15",82.4,57767
"Екатеринбург, Щербакова , 77 к 2",57.3,77661
"Екатеринбург, Чкалова , 231",47.0,75532
"Екатеринбург, ул. Гастелло/Дальневосточная/Мраморская/пер. Каслинский, стр. 2",46.6,77253
"Екатеринбург, мкр. Светлый, д. 1",42.0,63095
"Екатеринбург, ул.Стачек, д. 68",112.5,74489
"Екатеринбург, Орджоникидзевский район, микрорайон Эльмаш, Таганская ул., 91",82.0,75610
"Екатеринбург, ул. 40-летия Комсомола, д. 32Г",72.0,42361
"Екатеринбург, Свердловская область, Екатеринбург, Таватуйская улица, 25к3",40.0,61525
"Екатеринбург, микрорайон ЖБИ, ул. Сыромолотова, 34",75.9,63241
"Екатеринбург, пр-т Ленина, 68А",38.8,67784
"Екатеринбург, ул. Бакинских Комиссаров, 101",42.1,89050
"Екатеринбург, Октябрьский район, микрорайон Кольцово",48.0,52083
"Екатеринбург, пос. Мичуринский, Карасьевская ул., 14",45.0,68889
"Екатеринбург, ул. Сурикова, 53",85.0,90588
"Екатеринбург, ул. Чкалова, 124",43.0,91395
"Екатеринбург, ул. Вильгельма де Геннина, 45",58.9,57725
"Екатеринбург, ул. Рябинина, 18",31.1,73955
"Екатеринбург, Лучистая ул., 2",30.0,92000
"Екатеринбург, Свердловская область, Екатеринбург, микрорайон Уктус",71.0,60563
"Екатеринбург, микрорайон Академический, пр-т Академика Сахарова, 31",56.0,69643
"Екатеринбург, ул. Водоёмная, стр. 10",42.0,79762
"Екатеринбург, ул.Педагогическая/Гагарина/Вишневая/Мира/Библиотечная, стр. 48-1",39.3,81425
"Екатеринбург, Дорожная ул., 25",69.0,65072
"Екатеринбург, микрорайон Юго-Западный, ул. Шаумяна, 20",90.8,90308
"Екатеринбург, Орджоникидзевский район, микрорайон Эльмаш, Совхозная ул., 2",60.0,68333
"Екатеринбург, ул. Суходольская/Ландау/Ручейная, стр. 3",77.0,62987
"Екатеринбург, Свердловская область, Екатеринбург, район Чкаловский, Степана Разина ул, 107Б",44.0,102955
"Екатеринбург, Лукиных , 20",86.0,53488
"Екатеринбург, Рощинская , 37а",39.7,78086
"Екатеринбург, Машинная , 1б к 1",92.0,108587
"Екатеринбург, Рутминского , 2",70.0,78571
"Екатеринбург, Гончарный , 4",60.7,64745
"Екатеринбург, ул. Шевченко, 18",146.0,136986
"Екатеринбург, ул. Евгения Савкова, 31",65.0,75385
"Екатеринбург, ул. Щербакова, этап 1.4",58.6,66553
"Екатеринбург, ул. Бакинских Комиссаров, 93",41.5,86747
"Екатеринбург, Верх-Исетский район, микрорайон Широкая Речка, б-р Петра Кожемяко, 16",32.0,68750
"Екатеринбург, Ухтомская ул., 47",34.0,93824
"Екатеринбург, ул. Репина, 52",58.0,76379
"Екатеринбург, Заводская ул., 92А",74.0,66216
"Екатеринбург, Кировский район, микрорайон Втузгородок, Библиотечная ул., 43",94.0,81809
"Екатеринбург, Рябинина 19",64.0,67188
"Екатеринбург, Свердловская область, Екатеринбург, улица Вильгельма де Геннина",34.0,77941
"Екатеринбург, ул. 8 Марта, 190",95.0,115789
"Екатеринбург, ул. Героев России, 35",90.0,62222
"Екатеринбург, ул. Готвальда, 22",86.2,63805
"Екатеринбург, б-р Академика Семихатова, 18",84.0,54762
"Екатеринбург, ул. Евгения Савкова, д. 33",75.0,63467
"Екатеринбург, ул. Блюхера, д. 5",45.5,78242
"Екатеринбург, Свердловская область, Екатеринбург, Верх-Исетский район",30.0,63333
"Екатеринбург, Рощинская ул., 28",41.3,65763
"Екатеринбург, Широкий пер., 2А",55.0,68000
"Екатеринбург, ул.Стачек, д. 68",165.0,75152
"Екатеринбург, ул. Белинского, 177А",49.6,90726
"Екатеринбург, ул. Краснолесья, жилые дома",57.0,77719
"Екатеринбург, ул. Азина, стр. 1.1",43.6,100229
"Екатеринбург, Октябрьский район, микрорайон Кольцово, ул. Бахчиванджи, 22А",56.0,62500
"Екатеринбург, Кировский район, микрорайон Пионерский, ул. Сулимова, 3/2",47.5,81100
"Екатеринбург, ул. Щербакова, д. 20",93.0,60753
"Екатеринбург, ул Авиационная, 16",53.0,100943
"Екатеринбург, Орджоникидзевский район, микрорайон Уралмаш, ул. Лукиных, 20",87.0,52644
"Екатеринбург, ул. Чкалова, стр. 22",70.9,77574
"Екатеринбург, ул. Гоголя, 57",51.0,100980
"Екатеринбург, Свердловская область, Екатеринбург, улица Чкалова, 260",46.2,67078
"Екатеринбург, ул. Лётчиков, 7",31.5,66032
"Екатеринбург, Самолётная ул., 31А",43.0,80233
"Екатеринбург, ул. Новгородцевой, 15",72.0,75868
"Екатеринбург, Свердловская область, Екатеринбург, район Октябрьский, Ракетная ул, 20",73.2,58607
"Екатеринбург, ул. Гастелло/Дальневосточная/Мраморская/пер. Каслинский, стр. 2",105.1,76879
"Екатеринбург, Свердловская область, Екатеринбург, район Чкаловский, Самолетная ул, 33",30.4,88487
"Екатеринбург, ул. Крауля/Рабочих/Красных Зорь/Лоцмановых, 1 очередь",39.1,90537
"Екатеринбург, Свердловская область, Екатеринбург, район Чкаловский, Эскадронная ул, 29",40.6,73645
"Екатеринбург, Свердловская область, Екатеринбург, район Верх-Исетский, Евгения Савкова ул, 35/2",30.0,76667
"Екатеринбург, Свердловская область, Екатеринбург, район Ленинский, Чкалова ул, 231",109.6,62044
"Екатеринбург, Свердловская область, Екатеринбург, район Октябрьский, Белинского ул, 143",42.0,69762
"Екатеринбург, Свердловская область, Екатеринбург, район Орджоникидзевский, Таганская ул, 53А",46.1,75705
"Екатеринбург, Свердловская область, Екатеринбург, район Октябрьский, Бажова ул, 162",31.8,89623
"Екатеринбург, Свердловская область, Екатеринбург, район Ленинский, Павла Шаманова ул, 26",76.7,76402
"Екатеринбург, Свердловская область, Екатеринбург, район Чкаловский, Щербакова ул, 5А",53.1,96045
"Екатеринбург, ул. Краснолесья, жилые дома",84.0,68690
"Екатеринбург, ул. Краснолесья, 95",39.0,71795
"Екатеринбург, ул. Михеева, 8",60.0,74667
"Екатеринбург, Комсомольская ул., 76",75.0,91333
"Екатеринбург, ул. Краснолесья, 28",45.0,66444
"Екатеринбург, ул. Розы Люксембург, 69/2",59.3,101012
"Екатеринбург, ул. Академика Вонсовского, 75",43.1,81206
"Екатеринбург, микрорайон Академический, пр-т Академика Сахарова, 29",74.0,69595
"Екатеринбург, ул. Щорса, 39",96.1,83143
"Екатеринбург, ул. Михеева, 2",89.0,71348
"Екатеринбург, ул. Блюхера, 97",46.0,79783
"Екатеринбург, Свердловская обл, Екатеринбург, Центр, ул. Шевченко, 18",87.0,120690
"Екатеринбург, Свердловская область, Екатеринбург, район Ленинский, Степана Разина ул, 2",65.4,130887
"Екатеринбург, Комсомольская ул., 78",41.0,86341
"Екатеринбург, Октябрьский район, микрорайон Кольцово, ул. Бахчиванджи, 22А",24.0,77042
"Екатеринбург, ул. Волошина, 2",54.0,66667
"Екатеринбург, Свердловская область, Екатеринбург, улица Краснолесья, 10",38.0,80871
"Екатеринбург, ул. Крестинского, 35",29.4,71429
"Екатеринбург, Чкаловский район, микрорайон Вторчермет, Эскадронная ул., 31",72.0,60397
"Екатеринбург, Чкаловский район, микрорайон Светлый, 2",30.0,71667
"Екатеринбург, пер. Широкий, стр. 2а",54.0,67707
"Екатеринбург, ул. Павлодарская, жилой дом",64.0,57031
"Екатеринбург, пос. Совхозный, ул. Мостовая, стр. 47",25.9,71042
"Екатеринбург, пос. Мичуринский, жилой комплекс Мичуринский",60.0,63333
"Екатеринбург, Гастелло , 32а",77.0,88961
"Екатеринбург, Кузнечная ул., 83",83.0,100000
"Екатеринбург, ул. Краснолесья, 10",33.0,87879
"Екатеринбург, ул. Московская, д. 75",39.0,122821
"Екатеринбург, мкр. Светлый, д. 4",28.1,77580
"Екатеринбург, ул. 8 Марта, 181к6",84.7,88194
"Екатеринбург, ул.Стачек, д. 68",174.4,75115
"Екатеринбург, Свердловская область, Екатеринбург, район Верх-Исетский, Павла Шаманова ул, 60",58.8,68010
"Екатеринбург, микрорайон Академический, жилой комплекс Рябиновый Квартал",39.4,67848
"Екатеринбург, Чкаловский район, микрорайон Рудный, Круговая ул., 18",42.9,49104
"Екатеринбург, ул. Щербакова, 70",40.9,72035
"Екатеринбург, ул. Щербакова, этап 1.4",28.1,85883
"Екатеринбург, ул. Шейнкмана, 119",95.5,176963
"Екатеринбург, ул. 8 марта, 2 этап",56.0,92961
"Екатеринбург, микрорайон Академический, пр-т Академика Сахарова, 41",76.3,64220
"Екатеринбург, Водоёмная ул., 76",46.0,78043
"Екатеринбург, микрорайон Академический, ул. Павла Шаманова",83.0,63855
"Екатеринбург, ул. Новгородцевой, 15",61.8,84288
"Екатеринбург, Верх-Исетский район, микрорайон Широкая Речка, ул. Соболева, 19",45.0,68889
"Екатеринбург, Машинная ул., 44к3",45.0,91111
"Екатеринбург, Переходный пер., 6",74.1,75153
"Екатеринбург, микрорайон Академический, ул. Павла Шаманова, 15",80.4,65299
"Екатеринбург, Верх-Исетский район, микрорайон Широкая Речка, ул. Соболева, 19",72.3,56708
"Екатеринбург, микрорайон Академический, пр-т Академика Сахарова, 31",37.0,68919
"Екатеринбург, Ленинский район, микрорайон Краснолесье",64.0,64844
"Екатеринбург, ул. Чкалова, 239",49.0,71224
"Екатеринбург, Рощинская ул., 27",27.0,84259
"Екатеринбург, микрорайон ЖБИ, ул. Новгородцевой, 17Б",39.8,77889
"Екатеринбург, ул. Гастелло/Дальневосточная/Мраморская/пер. Каслинский, стр. 2",58.9,75382
"Екатеринбург, ул.Стачек, д. 68",138.8,85014
"Екатеринбург, Железнодорожный район, микрорайон Старая Сортировка, Кунарская ул., 36",37.4,68850
"Екатеринбург, ул. Николая Островского, 1",47.5,92632
"Екатеринбург, Чкаловский район, микрорайон Светлый, 5",34.6,72254
"Екатеринбург, Техническая , 149",47.0,68085
"Екатеринбург, Евгения Савкова , 29",60.0,65833
"Екатеринбург, Братская , 27 к 2",93.4,55675
"Екатеринбург, Татищева , 126",41.0,114634
"Екатеринбург, Верх-Исетский бульвар , 18",90.5,111602
"Екатеринбург, Радищева , 61",67.6,90237
"Екатеринбург, Павла Шаманова , 56",39.2,68878
"Екатеринбург, ул. Куйбышева, 41",56.3,104796
"Екатеринбург, ул. Краснолесья, 141",39.7,78086
"Екатеринбург, микрорайон Академический, ул. Павла Шаманова, 7",85.0,64353
"Екатеринбург, ул. 8 Марта, 190",190.0,121053
"Екатеринбург, ул. Чкалова, 252",34.6,85549
"Екатеринбург, Техническая ул., 156",58.0,70690
"Екатеринбург, пер. Трактористов, 4",69.3,84416
"Екатеринбург, Орджоникидзевский район, микрорайон Эльмаш, ул. Старых Большевиков, 3",62.0,74194
"Екатеринбург, Павлодарская ул.",88.5,55350
"Екатеринбург, ул. Ткачей, 13",32.0,116562
"Екатеринбург, ул. Щербакова, 74",56.0,70179
"Екатеринбург, Екатеринбург, Свердловская область, улица Февральской Революции, 15",117.0,227350
"Екатеринбург, ул. Евгения Савкова, д. 35/2",22.0,85455
"Екатеринбург, ул. Рябинина, 19",38.0,73421
"Екатеринбург, ул. Дорожная, стр. 16",31.0,67419
"Екатеринбург, Кировский район, микрорайон Пионерский, Ирбитская ул., 13",50.0,73980
"Екатеринбург, ул. Готвальда, д. 22",92.2,61593
"Екатеринбург, ул. Малышева, 71А",107.0,135514
"Екатеринбург, Кировский район, микрорайон Пионерский, ул. Сулимова, 3",61.8,69800
"Екатеринбург, микрорайон Академический, пр-т Академика Сахарова, 41",85.0,85765
"Екатеринбург, ул. Анатолия Мехренцева, 42",82.0,60366
"Екатеринбург, пр-т Академика Сахарова/ул. Вильгельма де Геннина/Тимофеева-Ресовского/Рябинина, стр. 26.8.1",36.0,70833
"Екатеринбург, Свердловская область, Екатеринбург, Железнодорожный район, микрорайон Новая Сортировка",37.0,71622
"Екатеринбург, ул. Анатолия Мехренцева, 46",80.0,68500
"Екатеринбург, ул. Водоемная, жилые дома",38.0,92105
"Екатеринбург, Базовый пер., 54",42.0,66643
"Екатеринбург, Чкаловский район, микрорайон Светлый",65.0,58462
"Екатеринбург, микрорайон Юго-Западный, Ясная ул., 36к1",43.0,61628
"Екатеринбург, Чкаловский район, микрорайон Вторчермет, Эскадронная ул., 31",42.0,70238
"Екатеринбург, ул. Анатолия Мехренцева, 11",80.0,63750
"Екатеринбург, ул. Водоёмная, стр. 10",103.6,57432
"Екатеринбург, ул. Разливная/Амундсена, стр. 4",77.7,66281
"Екатеринбург, ул. Водоёмная, д. 80, корп. 1",127.4,69074
"Екатеринбург, ул. Ирбитская, стр. 5",75.5,64901
"Екатеринбург, ул. Дорожная, стр. 16",75.8,50132
"Екатеринбург, ул. Ирбитская, стр. 4А",47.0,90426
"Екатеринбург, ул. Машинная, д. 1, корп. 6",140.8,74574
"Екатеринбург, ул. Краснолесья, д. 3",44.5,75281
"Екатеринбург, ул. Ирбитская, стр. 4Б",50.3,86481
"Екатеринбург, ул. Водоёмная, стр. 11",83.3,76831
"Екатеринбург, ул. Краснолесья, 76",78.0,64103
"Екатеринбург, Орджоникидзевский район, микрорайон Эльмаш, Парниковая ул., 3А",78.0,66667
"Екатеринбург, Железнодорожный район, микрорайон Старая Сортировка, Дружининская ул., 5А",32.0,71875
"Екатеринбург, микрорайон Академический, пр-т Академика Сахарова",62.0,63710
"Екатеринбург, Свердловская область, Екатеринбург, район Ленинский, Волгоградская ул, 29А",99.0,73535
"Екатеринбург, Свердловская область, Екатеринбург, район Орджоникидзевский, Республиканская ул, 5",55.9,66000
"Екатеринбург, Свердловская область, Екатеринбург, район Верх-Исетский, Татищева ул, 58",53.0,91321
"Екатеринбург, Октябрьский район, микрорайон Кольцово, Ракетная ул., 4",34.0,58824
"Екатеринбург, Верх-Исетский район, микрорайон Широкая Речка, ул. Соболева, 19",94.0,60532
"Екатеринбург, Кировский район, микрорайон Пионерский, Уральская ул., 75",102.0,94020
"Екатеринбург, микрорайон Елизавет, Бисертская ул., 4",45.0,61111
"Екатеринбург, ул. Токарей, 40",46.0,101957
"Екатеринбург, Свердловская область, Екатеринбург, Уральская , 77",60.0,83167
"Екатеринбург, Техническая ул., 144",42.0,64286
"Екатеринбург, ул. Куйбышева, д. 41",56.0,110714
"Екатеринбург, ул. Евгения Савкова, д. 4",38.5,72727
"Екатеринбург, пр-т Академика Сахарова, стр. 26.2.2.2",42.0,69024
"Екатеринбург, микрорайон Академический, пр-т Академика Сахарова, 31",37.0,74324
"Екатеринбург, Чкаловский район, микрорайон Светлый, 5",30.0,76000
"Екатеринбург, Свердловская область, Екатеринбург, район Ленинский, Павла Шаманова ул, 8",39.2,75255
"Екатеринбург, ул. Амундсена, 118",35.0,79429
"Екатеринбург, коттеджный пос. Карасьеозёрский-2, Шамарский пер., 1",29.6,84122
"Екатеринбург, ул. Фурманова, 124",83.0,107711
"Екатеринбург, ул. Шейнкмана, 90",140.0,106429
"Екатеринбург, ул. Гурзуфская, д. 11",49.0,108163
"Екатеринбург, ул. Вильгельма де Геннина, 37",81.8,60880
"Екатеринбург, микрорайон Академический, пр-т Академика Сахарова, 75",24.5,89796
"Екатеринбург, ул. Папанина, 18",77.0,118831
"Екатеринбург, Свердловская область, Екатеринбург, микрорайон Академический",63.0,66349
"Екатеринбург, Машинная ул., 3А",77.0,70117
"Екатеринбург, ул. Академика Постовского, 6к2",179.0,73184
"Екатеринбург, Московская ул., 194",68.0,80882
"Екатеринбург, ул. Прониной, 27",35.0,59143
"Екатеринбург, ул. Евгения Савкова, 11",46.0,66304
"Екатеринбург, ул. Готвальда, д. 35",47.0,74468
"Екатеринбург, Железнодорожный район, микрорайон Старая Сортировка, Дружининская ул., 5А",68.0,69118
"Екатеринбург, ул. Разливная, д. 50/3",72.2,67867
"Екатеринбург, ул. Евгения Савкова, д. 35",31.0,67742
"Екатеринбург, Орджоникидзевский район, микрорайон Эльмаш, ул. Стачек, 4",51.2,77344
"Екатеринбург, Чкаловский район, микрорайон Химмаш, ул. Зои Космодемьянской, 44/2",54.0,70370
"Екатеринбург, микрорайон Академический, ул. Павла Шаманова, 9",38.0,70789
"Екатеринбург, ул. Героев России, 35",37.0,94595
"Екатеринбург, Летчиков , 7",32.0,54062
"Екатеринбург, Чайковского , 80 к 1",50.0,105800
"Екатеринбург, Краснолесья , 10 к 3",35.1,82621
"Екатеринбург, Циолковского , 57",75.0,88000
"Екатеринбург, Прониной , 27",35.1,59829
"Екатеринбург, Крестинского , 6",29.0,99483
"Екатеринбург, ул. Щербакова, 74",29.0,84138
"Екатеринбург, ул. Евгения Савкова, 31",42.0,73810
"Екатеринбург, ул. Николая Островского, 1",63.7,98587
"Екатеринбург, Орджоникидзевский район, микрорайон Эльмаш, ул. Электриков, 29",80.0,87500
"Екатеринбург, ул. Гастелло/Дальневосточная/Мраморская/пер. Каслинский, стр. 2",65.2,68098
"Екатеринбург, Свердловская обл, г Екатеринбург, ул Авиационная, 12",103.0,93204
"Екатеринбург, пр-т Академика Сахарова/ул. Вильгельма де Геннина/Тимофеева-Ресовского/Рябинина, д. 26.1.3",63.0,62698
"Екатеринбург, Кировский район, микрорайон Пионерский, ул. Сулимова, 3",44.0,81971
"Екатеринбург, Павлодарская ул.",71.1,58664
"Екатеринбург, ул. Академика Вонсовского, д. 21",43.5,76931
"Екатеринбург, ул. Чкалова, 124",62.0,96613
"Екатеринбург, ул. Очеретина, 7",51.0,68627
"Екатеринбург, б-р Золотистый, д. 4",41.0,71951
"Екатеринбург, пр-т Космонавтов, 46А",39.7,98237
"Екатеринбург, ул. Новгородцевой, стр. 1",68.0,72794
"Екатеринбург, Машинная ул., 3А",121.0,55942
"Екатеринбург, Свердловская область, Екатеринбург, район Кировский, 40-летия Комсомола ул, 24",57.0,77193
"Екатеринбург, б-р Академика Семихатова, 6",64.1,85788
"Екатеринбург, Свердловская область, Екатеринбург, улица Евгения Савкова, 29",41.0,70732
"Екатеринбург, Кузнечная ул., 79",45.0,102222
"Екатеринбург, мкр. Светлый, д. 1",45.0,71556
"Екатеринбург, ул. Хрустальногорская, 3 этап",32.6,66871
"Екатеринбург, Анатолия Мехренцева , 32",81.0,64198
"Екатеринбург, Комсомольская , 78",54.0,92593
"Екатеринбург, Чкалова , 260",47.3,67442
"Екатеринбург, Свердловская область, Екатеринбург, район Чкаловский, Ремесленный пер, 6",46.0,69565
"Екатеринбург, ул. Татищева, 54",39.7,107053
"Екатеринбург, Ленинский район, микрорайон Европейский, ул. Барвинка, 26",54.9,76503
"Екатеринбург, ул. 8 марта, 2 этап",80.0,86900
"Екатеринбург, ул. Лётчиков, 7",34.0,67647
"Екатеринбург, Переходный пер., 6",29.0,121483
"Екатеринбург, ул. Гастелло, 25",50.0,63800
"Екатеринбург, ул. Железнодорожников, д. 78",79.0,73101
"Екатеринбург, ул. Солнечная, стр. 1",97.0,62680
"Екатеринбург, Лучистая ул., 2",70.0,79571
"Екатеринбург, ул. Евгения Савкова, 15",79.6,53894
"Екатеринбург, ул. Чкалова, 20к1",91.2,71272
"Екатеринбург, Водоёмная ул., 76",28.5,105263
"Екатеринбург, ул. Репина, стр. 4Б",58.9,72496
"Екатеринбург, микрорайон ЖБИ, Рассветная ул., 6/1",67.5,60741
"Екатеринбург, ул. Анатолия Мехренцева, 9",54.0,66667
"Екатеринбург, ул. Крауля/Рабочих/Красных Зорь/Лоцмановых, 1 очередь",44.0,89545
"Екатеринбург, Якутская ул., 10",77.8,58997
"Екатеринбург, ул. Ткачей",136.0,93382
"Екатеринбург, Свердловская область, Екатеринбург, улица Белинского, 108",79.8,91479
"Екатеринбург, ул. Щорса, 105",45.0,110667
"Екатеринбург, Орджоникидзевский район, микрорайон Эльмаш, Шефская ул., 103",41.0,76829
"Екатеринбург, Рощинская ул., 27",23.0,91304
"Екатеринбург, ул. Раевского, 4",48.0,83333
"Екатеринбург, ул. Восточная, д. 31",49.0,108980
"Екатеринбург, пос. Совхозный, ул. Мостовая, стр. 47",26.0,68462
"Екатеринбург, микрорайон Академический, ул. Павла Шаманова, 60",64.3,58320
"Екатеринбург, Ленинский район, микрорайон Европейский, Кольцевая ул., 39",80.0,66250
"Екатеринбург, ул. Восточная, д. 31",56.0,91429
"Екатеринбург, ул. Гастелло/Дальневосточная/Мраморская/пер. Каслинский, стр. 2",83.1,67028
"Екатеринбург, Октябрьский район, жилой комплекс Clever Park",53.9,87273
"Екатеринбург, ул. Владимира Высоцкого, 2 этап",77.8,70500
"Екатеринбург, ул. Филатовская/Мезенская/Латвийская/Логиновская, стр. 3Б",35.5,55537
"Екатеринбург, ул. Ткачей/Машинная, блок-секция 13А, 13Б, 13В",80.9,98888
"Екатеринбург, Кировский район, микрорайон Пионерский, Уральская ул., 57к2",79.3,69231
"Екатеринбург, Екатеринбург Космонавтов 46а",46.0,80435
"Екатеринбург, ул. Азина, стр. 2.1",89.8,92428
"Екатеринбург, микрорайон Юго-Западный, Волгоградская ул., 226",45.0,82222
"Екатеринбург, Свердловская обл, г Екатеринбург, ул Машинная, 44 к3",75.0,92000
"Екатеринбург, Свердловская обл, г Екатеринбург, ул Рассветная, 6 к2",64.0,75000
"Екатеринбург, ул. Татищева, 96",46.0,89130
"Екатеринбург, Свердловская обл, г Екатеринбург, ул Ткачей, 6",32.0,114688
"Екатеринбург, Свердловская обл, г Екатеринбург, ул Павла Шаманова, 60",84.0,55833
"Екатеринбург, ул. Ткачей, д. 13",117.4,82538
"Екатеринбург, Павлодарская ул.",41.7,75600
"Екатеринбург, ул. Хуторская, д. 1",56.2,76374
"Екатеринбург, ул. Прониной, 27",36.0,52778
"Екатеринбург, ул. Николая Никонова, 25",135.4,140251
"Екатеринбург, ул. Верхнеуфалейская/Ручейная/Евгения Савкова/Тенистая, стр. 3",55.5,58121
"Екатеринбург, ул. Блюхера, д. 5",93.7,70800
"Екатеринбург, Свердловская обл, г Екатеринбург, ул Колмогорова, 73 к2",56.0,105357
"Екатеринбург, Свердловская обл, г Екатеринбург, б-р Академика Семихатова Н.А., 18",86.0,58023
"Екатеринбург, ул. Куйбышева, 21",67.0,186567
"Екатеринбург, Авиационная ул., 10",98.5,111675
"Екатеринбург, ул. Краснолесье, стр. 3",50.0,75000
"Екатеринбург, Свердловская область, Екатеринбург, микрорайон Уктус",41.1,77129
"Екатеринбург, мкр. Светлый, стр. 7",29.0,76897
"Екатеринбург, ул. Хрустальногорская, 3 этап",39.8,85980
"Екатеринбург, пер. Широкий, стр. 2а",61.3,60767
"Екатеринбург, ул.Стачек, д. 68",94.7,73812
"Екатеринбург, ул. Рябинина, 21",42.6,82160
"Екатеринбург, ул. Анатолия Мехренцева, 42",79.3,63682
"Екатеринбург, микрорайон Академический, ул. Павла Шаманова, 10",83.0,69880
"Екатеринбург, ул. 3-го Интернационала, стр. 1а",66.0,70500
"Екатеринбург, ул. Чемпионов, д. 4",27.7,100325
"Екатеринбург, Сибирский тракт, стр. 1",68.0,59559
"Екатеринбург, ул. Шевченко, 18",90.0,120000
"Екатеринбург, ул. Машинная/Фурманова/Цвиллинга/Отто Шмидта, стр. 4.16, 4.17",36.2,83978
"Екатеринбург, ул. Омская, ЖК «Основа»",65.8,77250
"Екатеринбург, ул. Большакова, д. 147",65.0,94015
"Екатеринбург, ул. Шейнкмана, 119",96.0,164583
"Екатеринбург, микрорайон Академический, пр-т Академика Сахарова, 29",60.0,74167
"Екатеринбург, Чкаловский район, микрорайон Светлый, 1",68.0,63088
"Екатеринбург, ул. Омская, стр. 1",43.0,79860
"Екатеринбург, ул. Щербакова, этап 1.4",73.0,70274
"Екатеринбург, ул. Патриса Лумумбы, 63",37.4,74332
"Екатеринбург, микрорайон Академический, пр-т Академика Сахарова, 31",37.0,70270
"Екатеринбург, пр-т Академика Сахарова/ул. Вильгельма де Геннина/Тимофеева-Ресовского/Рябинина, стр. 26.4.2",39.0,71795
"Екатеринбург, Рощинская ул., 27",25.3,86561
"Екатеринбург, Кировский район, микрорайон Втузгородок, Библиотечная ул., 45",33.7,106825
"Екатеринбург, ул. Щербакова, 74",56.1,71301
"Екатеринбург, ул. Евгения Савкова, 8",54.0,55556
"Екатеринбург, микрорайон Пионерский, Кировский район, Екатеринбург, Свердловская область, улица Чекистов, 9",79.0,82278
"Екатеринбург, ул. Татищева, 49",90.0,96667
"Екатеринбург, микрорайон Академический, пр-т Академика Сахарова, 41",38.4,72917
"Екатеринбург, ул. Верхнеуфалейская/Ручейная/Евгения Савкова/Тенистая, стр. 3",53.0,58133
"Екатеринбург, ул. Краснолесье, стр. 3",38.9,79500
"Екатеринбург, Сакко и Ванцетти , 47",113.0,111504
"Екатеринбург, Рощинская , 44",39.5,72911
"Екатеринбург, Переходный пер., 6",49.7,82937
"Екатеринбург, ул. Данилы Зверева/Бехтерева, жилой дом",60.5,98860
"Екатеринбург, ул. Краснолесья/Чкалова/ Амундсена, стр. 9.4.1",74.0,66216
"Екатеринбург, пос. Совхозный, ул. Мостовая, стр. 47",52.5,59048
"Екатеринбург, ул. Владимира Высоцкого, 2 этап",68.8,74343
"Екатеринбург, Кировский район, микрорайон Пионерский, Трамвайный пер., 2к4",64.0,104688
"Екатеринбург, ул. Маршала Жукова, 13",172.1,109820
"Екатеринбург, Таватуйская ул., 6",53.0,77358
"Екатеринбург, ул. Михеева, 10",76.0,61842
"Екатеринбург, микрорайон Юго-Западный, Ясная ул., 22Г",43.0,104651
"Екатеринбург, Московская ул., 75",76.0,112487
"Екатеринбург, ул. Белинского, д. 163б",87.6,79500
"Екатеринбург, Лучистая ул., 2",28.0,78571
"Екатеринбург, ул. Юмашева, 15",49.0,109184
"Екатеринбург, ул. Краснолесья/Очеретина, стр. 1",31.2,69810
"Екатеринбург, ул. Вильгельма де Геннина, 45",64.7,69552
"Екатеринбург, ул. Машинистов, 3",32.0,125000
"Екатеринбург, ул. Калинина, д. 7",45.0,95556
"Екатеринбург, ул. Михеева, 2",41.0,72927
"Екатеринбург, ул. Крестинского, 4",51.0,87255
"Екатеринбург, ул. Февральской Революции, 15",63.0,161111
"Екатеринбург, ул. Серова, 45",103.0,82524
"Екатеринбург, ул. Чкалова, 231",116.0,59216
"Екатеринбург, ул Мельникова, 27",35.0,124286
"Екатеринбург, Свердловская область, Екатеринбург, Кировский район, микрорайон Пионерский, Садовая улица",80.0,63656
"Екатеринбург, ул. Евгения Савкова, 11",31.0,72581
"Екатеринбург, Октябрьский район, микрорайон Компрессорный",22.0,62727
"Екатеринбург, ул. Малышева, 42А",36.0,163889
"Екатеринбург, ул. Чемпионов, д. 2",27.7,81227
"Екатеринбург, Свердловская область, Екатеринбург, Опалихинская улица, 23",78.4,69599
"Екатеринбург, ул. Хохрякова, 72",152.0,91447
"Екатеринбург, микрорайон ЖБИ, ул. 40-летия Комсомола, 32Г",37.4,73529
"Екатеринбург, Свердловская область, г. Екатеринбург, Селькоровская ул., д.16",35.0,76286
"Екатеринбург, Свердловская область, г. Екатеринбург, Суходольская ул., д.47",36.3,71074
"Екатеринбург, Свердловская область, г. Екатеринбург, Евгения Савкова ул., д.8",54.7,62157
"Екатеринбург, ул. Татищева, 47А",77.0,111688
"Екатеринбург, Селькоровская ул., 14",35.0,64286
"Екатеринбург, ул. Краснолесья, 24",83.0,54217
"Екатеринбург, Переходный пер., 6",31.6,95879
"Екатеринбург, ул. Сакко и Ванцетти, 74",51.0,154902
"Екатеринбург, ул. Рябинина, 18",51.3,56970
"Екатеринбург, ул. Хрустальногорская, 3 этап",55.2,75797
"Екатеринбург, ул. 8 Марта, 204Б",57.6,95668
"Екатеринбург, ул. Гастелло/Дальневосточная/Мраморская/пер. Каслинский, стр. 2",62.5,73600
"Екатеринбург, пос. Мичуринский, Широкореченская ул., 76",31.8,75362
"Екатеринбург, ул.Педагогическая/Гагарина/Вишневая/Мира/Библиотечная, стр. 48-1",72.8,68000
"Екатеринбург, ул. 8 марта, 2 этап",36.3,120909
"Екатеринбург, ул. Блюхера, д. 99",89.4,63535
"Екатеринбург, ул.Стачек, д. 68",75.9,78524
"Екатеринбург, ул. Ленина, 1 этап",80.7,120000
"Екатеринбург, Чкаловский район, микрорайон Вторчермет, Братская ул., 27к2",68.0,49265
"Екатеринбург, Свердловская область, Екатеринбург, район Октябрьский, Большакова ул, 17",48.0,75000
"Екатеринбург, ул. Папанина, 18",97.7,124872
"Екатеринбург, Верх-Исетский район, жилой комплекс Суходольский Квартал",74.0,62162
"Екатеринбург, ул. Чкалова, 260",46.9,69083
"Екатеринбург, ул. Евгения Савкова, 29",42.3,72104
"Екатеринбург, Свердловская область, Екатеринбург, район Верх-Исетский, Павла Шаманова ул, 48",40.0,72250
"Екатеринбург, Свердловская область, Екатеринбург, район Кировский, Лодыгина ул, 8",95.0,68421
"Екатеринбург, Свердловская область, Екатеринбург, район Чкаловский, Белинского ул, 220/6",43.0,62558
"Екатеринбург, Свердловская область, Екатеринбург, район Орджоникидзевский, Баумана ул, 35",104.0,63942
"Екатеринбург, Свердловская область, Екатеринбург, район Чкаловский, Светлый микрорайон ул, 4",46.0,76087
"Екатеринбург, Свердловская область, Екатеринбург, район Кировский, Кузнечная ул, 81",45.5,107692
"Екатеринбург, ул. Суходольская/Ландау/Ручейная, стр. 3",25.5,88235
"Екатеринбург, Московская ул., 75",76.0,112487
"Екатеринбург, Комсомольская ул., 78",69.5,86259
"Екатеринбург, ул. Юмашева, 3",67.0,101493
"Екатеринбург, Верх-Исетский район, микрорайон Широкая Речка, ул. Соболева, 19",30.0,76333
"Екатеринбург, ул. Шейнкмана, 90",58.5,128205
"Екатеринбург, ул. Прониной, 27",64.0,49219
"Екатеринбург, Майкопская ул., 25",42.0,71190
"Екатеринбург, ул. Чкалова, 231",54.0,78704
"Екатеринбург, Свердловская область, Екатеринбург, район Орджоникидзевский, Ярославская ул, 31",34.1,73167
"Екатеринбург, Железнодорожный район, микрорайон Старая Сортировка, Кунарская ул., 34",90.0,39444
"Екатеринбург, ул. Чкалова, 124",150.0,74667
"Екатеринбург, мкр. Светлый, стр. 6",30.0,72500
"Екатеринбург, ул. Чкалова, д. 231",72.0,50000
"Екатеринбург, ул. Юлиуса Фучика, 1",86.6,103926
"Екатеринбург, ул. Рябинина, 19",38.0,72105
"Екатеринбург, ул. Юмашева, 11",84.3,99632
"Екатеринбург, Свердловская обл, г Екатеринбург, ул Героев России, 35",95.0,58421
"Екатеринбург, Свердловская обл, г Екатеринбург, пр-кт Академика Сахарова, 37",36.1,74515
"Екатеринбург, Ленинский район, микрорайон Европейский, ул. Барвинка, 26",46.5,66667
"Екатеринбург, ул. Шейнкмана, 128",66.0,78788
"Екатеринбург, ул. Машинная/Фурманова/Цвиллинга/Отто Шмидта, стр. 1.1",51.9,90173
"Екатеринбург, Чкаловский район, микрорайон Вторчермет, Ремесленный пер., 6",90.0,55444
"Екатеринбург, пр-т Академика Сахарова, стр. 26.2.2.1",35.3,75071
"Екатеринбург, пр-т Академика Сахарова/ул. Вильгельма де Геннина/Тимофеева-Ресовского/Рябинина, стр. 26.8.2",29.1,76289
"Екатеринбург, Токарей , 68",92.7,81446
"Екатеринбург, ул. Рябинина, 29",64.0,62500
"Екатеринбург, ул. Ландау/Екатерининская/Вавилова, д. 49",25.0,76000
"Екатеринбург, Техническая ул., 94",55.0,65455
"Екатеринбург, ул Куйбышева, 21",54.0,141667
"Екатеринбург, Свердловская обл, Екатеринбург, Пионерский, ул. Данилы Зверева, 5а",36.0,96944
"Екатеринбург, Свердловская обл, Екатеринбург, Автовокзал, ул. Авиационная, 10",103.6,86873
"Екатеринбург, Железнодорожный район, микрорайон Новая Сортировка, ул. Софьи Перовской, 106",33.0,72697
"Екатеринбург, Чкаловский район, микрорайон Вторчермет, Эскадронная ул., 31",38.7,65891
"Екатеринбург, ул. Щербакова, 77к3",77.2,70984
"Екатеринбург, пос. Мичуринский, Широкореченская ул., 49",25.0,78800
"Екатеринбург, ул. Огнеупорщиков, стр. 1Б",104.0,52048
"Екатеринбург, Ленинский район, микрорайон Европейский, Кольцевая ул., 39",76.1,67674
"Екатеринбург, ул. 3-го Интернационала, стр. 1а",28.9,89965
"Екатеринбург, ул. Шевченко, 18",136.0,183750
"Екатеринбург, Машинная , 42 к 3",16.0,101875
"Екатеринбург, Уральская , 75",101.0,84158
"Екатеринбург, Аптекарская , 48",33.5,80597
"Екатеринбург, ул. Мостовая, д. 47",28.0,66071
"Екатеринбург, ул. Бажова, 166",37.0,60811
"Екатеринбург, ул. Горького, 69/1",116.0,119828
"Екатеринбург, Чкаловский район, микрорайон Светлый, 4",42.0,72857
"Екатеринбург, б-р Академика Семихатова, 18",116.0,43017
"Екатеринбург, Орджоникидзевский район, микрорайон Уралмаш, ул. Лукиных, 20",86.0,54651
"Екатеринбург, ул. Колмогорова, 73к4",39.0,115385
"Екатеринбург, микрорайон Юго-Западный, ул. Громова, 28",102.0,65686
"Екатеринбург, Рощинская ул., 27",22.3,98655
"Екатеринбург, ул. Николая Никонова, 4",274.0,244526
"Екатеринбург, микрорайон Академический, пр-т Академика Сахарова, 53",78.0,60897
"Екатеринбург, ул. Белинского, 177Ак3",53.5,88785
"Екатеринбург, мкр. Светлый, стр. 7",44.8,61094
"Екатеринбург, ул. 8 марта, 2 этап",36.3,108314
"Екатеринбург, Советская ул., 41",64.0,69531
"Екатеринбург, Чкаловский район, микрорайон Химмаш, ул. Зои Космодемьянской, 46Б",46.0,65196
"Екатеринбург, микрорайон Академический, пр-т Академика Сахарова, 95",35.0,65714
"Екатеринбург, ул. Мичурина, 132",78.0,112821
"Екатеринбург, микрорайон Академический, ул. Павла Шаманова, 21",61.0,66393
"Екатеринбург, Кировский район, микрорайон Пионерский, ул. Данилы Зверева, 7В",57.0,83333
"Екатеринбург, Железнодорожный район, микрорайон Старая Сортировка, Дружининская ул., 5А",33.0,87879
"Екатеринбург, мкр. Светлый, стр. 7",40.0,64500
"Екатеринбург, мкр. Светлый, стр. 6",30.0,66333
"Екатеринбург, ул. Крауля/Рабочих/Красных Зорь/Лоцмановых, 1 очередь",37.0,90541
"Екатеринбург, ул. Белинского, 222",78.0,76859
"Екатеринбург, ул. Анатолия Мехренцева, 42",81.1,69667
"Екатеринбург, ул. Евгения Савкова, 3",68.1,58737
"Екатеринбург, Чкаловский район, микрорайон Вторчермет, Братская ул., 27к3",38.0,65263
"Екатеринбург, ул. Цвиллинга, 58",43.0,97674
"Екатеринбург, ул. Евгения Савкова, 31",82.0,65244
"Екатеринбург, ул. Евгения Савкова, д. 35",83.8,60024
"Екатеринбург, Свердловская область, Екатеринбург, район Верх-Исетский, Павла Шаманова ул, 60",39.2,68878
"Екатеринбург, Железнодорожный район, микрорайон Новая Сортировка, ул. Софьи Перовской, 110",42.0,67857
"Екатеринбург, Свердловская область, Екатеринбург, район Верх-Исетский, Посадская ул, 48",59.2,59966
"Екатеринбург, Ленинский район, микрорайон Европейский, Кольцевая ул., 39",40.0,70000
"Екатеринбург, Громова , 28",42.2,91232
"Екатеринбург, ул. Бакинских Комиссаров, 99",83.0,70482
"Екатеринбург, микрорайон Академический, ул. Павла Шаманова",60.0,64167
"Екатеринбург, Свердловская область, Екатеринбург, Верх-Исетский район, микрорайон Широкая Речка",22.0,79545
"Екатеринбург, ул. Крестинского, д. 35а",66.2,70242
"Екатеринбург, Ленинский район, микрорайон Европейский, Кольцевая ул., 37",40.8,78431
"Екатеринбург, ул. Академика Постовского, 6к2",38.0,85526
"Екатеринбург, ул. Рутминского, 2",77.5,69032
"Екатеринбург, Ленинский район, микрорайон Европейский, ул. Барвинка, 47",48.0,68750
"Екатеринбург, ул. Хрустальногорская, д. 88",30.0,75000
"Екатеринбург, пер. Трамвайный, д. 2, корп. 4",93.0,75269
"Екатеринбург, ул. Анатолия Мехренцева, 46",62.9,68362
"Екатеринбург, Заводская ул., 75",38.0,101316
"Екатеринбург, ул. 8 Марта, 167",82.9,90470
"Екатеринбург, ул. Краснолесья, 16к2",66.0,75758
"Екатеринбург, ул. Азина, 27",71.4,84412
"Екатеринбург, Свердловская область, Екатеринбург, Первомайская улица, 60",100.3,87757
"Екатеринбург, ул. Чкалова, 20",27.0,99630
"Екатеринбург, ул.Стачек, д. 68",69.2,82081
"Екатеринбург, ул. Академика Вонсовского, 21",61.0,74426
"Екатеринбург, ул. Чкалова, 242",63.0,66667
"Екатеринбург, Чкаловский район, микрорайон Светлый, 4",45.6,64693
"Екатеринбург, Базовый пер., 52",76.0,66711
"Екатеринбург, Верх-Исетский район, микрорайон Широкая Речка, ул. Соболева, 19",103.5,69565
"Екатеринбург, Свердловская область, Екатеринбург, Опалихинская улица, 23",42.6,75587
"Екатеринбург, Московская ул., 77",112.7,95830
"Екатеринбург, ул. Чкалова, стр. 22",66.5,78045
"Екатеринбург, Рощинская ул., 27",22.1,90498
"Екатеринбург, Октябрьский район, микрорайон Кольцово, ул. Бахчиванджи, 22А",26.0,84577
"Екатеринбург, Вилонова , 18",87.9,70535
"Екатеринбург, Луганская ул., 4",51.3,82846
"Екатеринбург, Свердловская область, Екатеринбург",54.0,94426
"Екатеринбург, ул. Куйбышева, д. 36",172.7,202085
"Екатеринбург, Кировский район, микрорайон Пионерский, Уральская ул., 1",197.7,65706
"Екатеринбург, микрорайон Академический, ул. Павла Шаманова, 13",60.0,68333
"Екатеринбург, Свердловская обл, Екатеринбург, Уктус, ул. Миасская, 12",37.3,81769
"Екатеринбург, Свердловская область, Екатеринбург, район Железнодорожный, Автомагистральная ул, 27",63.0,68254
"Екатеринбург, Трамвайный пер. , 2 к 1",42.0,102381
"Екатеринбург, Дорожная , 17",62.2,63826
"Екатеринбург, ул. Николая Никонова, 4",279.0,107527
"Екатеринбург, Калинина 3",45.0,77778
"Екатеринбург, Орджоникидзевский район, микрорайон Уралмаш, ул. Ильича, 42А",86.2,87587
"Екатеринбург, ул. Владимира Высоцкого, 11",38.0,91842
"Екатеринбург, микрорайон Юго-Западный, Белореченская ул., 4",65.0,81538
"Екатеринбург, Орджоникидзевский район, микрорайон Уралмаш, Республиканская ул., 5",46.1,58568
"Екатеринбург, Верх-Исетский район, микрорайон Широкая Речка, ул. Соболева, 19",94.1,56312
"Екатеринбург, ул Циолковского, 57",90.0,74444
"Екатеринбург, ул. Готвальда, 21к1",51.5,83495
"Екатеринбург, Октябрьский район, микрорайон Кольцово, Утренний пер., 7",36.0,67500
"Екатеринбург, ул. Евгения Савкова, д. 35",64.8,69599
"Екатеринбург, ул. Кировградская, д. 4",44.0,82955
"Екатеринбург, ул. Гастелло/Дальневосточная/Мраморская/пер. Каслинский, стр. 2",82.5,68242
"Екатеринбург, Щербакова , 77 к 2",39.2,86480
"Екатеринбург, Постовского , 6 к 2",38.0,87632
"Екатеринбург, ул Ереванская 28",66.0,56061
"Екатеринбург, Машинная ул., 44к1",84.0,86905
"Екатеринбург, микрорайон Академический, ул. Павла Шаманова, 52",39.5,68101
"Екатеринбург, ул. Рябинина, 25",40.0,67500
"Екатеринбург, Ленинский район, микрорайон Европейский, ул. Барвинка, 26",86.0,63953
"Екатеринбург, Свердловская обл, г Екатеринбург, ул 8 Марта, 167",66.0,92273
"Екатеринбург, ул. Шейнкмана, 119",190.0,176316
"Екатеринбург, Терновый пер., 8/2",60.0,65000
"Екатеринбург, ул. Горького, 69/1",266.0,186090
"Екатеринбург, ул. Азина, 27",47.1,96178
"Екатеринбург, ул. 8 Марта, 204Б",37.1,109272
"Екатеринбург, б-р Академика Семихатова, 18",42.0,80952
"Екатеринбург, Свердловская область, Екатеринбург, Первомайская улица, 60",80.7,85601
"Екатеринбург, Кировский район, микрорайон Втузгородок, ул. Мира, 41",75.0,87333
"Екатеринбург, микрорайон Юго-Западный, Ясная ул., 20Д",337.0,96736
"Екатеринбург, Самолётная ул., 33",30.0,87667
"Екатеринбург, ул. Белинского, 177Ак3",46.0,97826
"Екатеринбург, Свердловская обл, Екатеринбург, Академический, ул. Краснолесья, 159",79.0,64557
"Екатеринбург, ул. Белинского, 177А",85.0,105765
"Екатеринбург, ул. Токарей, 27к2",77.0,103896
"Екатеринбург, Рощинская ул., 21",23.5,80851
"Екатеринбург, квартал Центральный, жилой комплекс Аквамарин",138.6,97403
"Екатеринбург, микрорайон Академический",45.0,65111
"Екатеринбург, Железнодорожный район, микрорайон Старая Сортировка, Кунарская ул., 36",60.0,57500
"Екатеринбург, Кировский район, микрорайон Втузгородок, ул. Мира, 41",75.5,88742
"Екатеринбург, ул.Стачек, д. 68",100.5,82985
"Екатеринбург, ул. Гастелло/Дальневосточная/Мраморская/пер. Каслинский, стр. 2",64.4,70342
"Екатеринбург, Орджоникидзевский район, микрорайон Эльмаш, ул. Красных Командиров, 104",65.0,70769
"Екатеринбург, Латвийская ул., 48/1",38.0,65263
"Екатеринбург, Свердловская область, Екатеринбург, Московская улица, 196",44.2,95023
"Екатеринбург, ул. Чкалова, 124",90.4,87389
"Екатеринбург, Базовый пер., 52",49.0,71429
"Екатеринбург, Восточная ул., 31",39.1,97008
"Екатеринбург, ул. Сакко и Ванцетти, 99",187.0,267380
"Екатеринбург, Свердловская область, Екатеринбург, район Орджоникидзевский, Республиканская ул, 5",99.6,60241
"Екатеринбург, пос. Мичуринский, Широкореченская ул., 58к3",25.0,88000
"Екатеринбург, Якутская ул., 10",37.0,81081
"Екатеринбург, Кировский район, микрорайон Пионерский, Трамвайный пер., 2к3",64.0,93750
"Екатеринбург, ул. Лучистая/Счастливая/Чемпионов/Новосибирская, ЖР «Солнечный»",27.6,85870
"Екатеринбург, Кировский район, микрорайон Пионерский, Уральская ул., 75",107.0,91589
"Екатеринбург, Свердловская область, Екатеринбург, микрорайон Академический",37.0,72973
"Екатеринбург, Свердловская обл, Екатеринбург, Ю-З, ул. Громова, 26",49.0,77959
"Екатеринбург, Чкалова , 256",80.1,68664
"Екатеринбург, ул. Евгения Савкова, д. 35",89.9,63181
"Екатеринбург, ул. Щербакова, 77к2",40.0,80000
"Екатеринбург, ул. Циолковского, 29",62.0,115323
"Екатеринбург, Рощинская ул., 41",81.0,64198
"Екатеринбург, Свердловская область, Екатеринбург, район Ленинский, Павла Шаманова ул, 9",38.1,71654
"Екатеринбург, ул. Краснолесье/Чкалова/Амундсена, стр. 9.1.1",60.0,68250
"Екатеринбург, Золотистый бульвар , 4",60.8,77286
"Екатеринбург, ул Чкалова",116.0,51724
"Екатеринбург, Красный пер., 5к2",120.0,100000
"Екатеринбург, Техническая ул., 144",36.0,69167
"Екатеринбург, Орджоникидзевский район, микрорайон Уралмаш, ул. Красных Борцов, 21",53.0,75453
"Екатеринбург, ул. Вильгельма де Геннина, 43",41.0,70488
"Екатеринбург, ул. Академика Постовского, 19",51.0,88235
"Екатеринбург, Орджоникидзевский район, микрорайон Уралмаш, Республиканская ул., 5",49.0,56122
"Екатеринбург, Железнодорожный район, микрорайон Вокзальный, Среднеуральская ул., 9",39.0,86410
"Екатеринбург, ул. Большакова, 25",95.0,107368
"Екатеринбург, Чкаловский район, микрорайон Вторчермет, Братская ул., 27к3",85.5,67602
"Екатеринбург, ул. Чкалова, стр. 22",85.5,78129
"Екатеринбург, Машинная ул., 46",43.5,91954
"Екатеринбург, Латвийская ул., 56/2",53.7,49061
"Екатеринбург, ул. Рощинская, д. 44",41.7,59433
"Екатеринбург, Билимбаевская ул., 25к2",75.0,50467
"Екатеринбург, ул. Яскина, 12",39.7,59194
"Екатеринбург, Гурзуфская ул., 11",48.1,102911
"Екатеринбург, Свердловская область, Екатеринбург, район Октябрьский, Бахчиванджи ул",35.8,61453
"Екатеринбург, ул. 40-летия Комсомола, д. 24",28.0,92857
"Екатеринбург, ул. Чкалова, стр. 22",100.4,110458
"Екатеринбург, Братская , 27 к 2",43.1,74246
"Екатеринбург, Яскина , 10",78.0,52564
"Екатеринбург, Шейнкмана , 121",304.7,119790
"Екатеринбург, проспект Академика Сахарова , 75",34.0,69118
"Екатеринбург, Токарей , 26",58.6,98959
"Екатеринбург, Свердловская область, муниципальное образование Город Екатеринбург",59.0,92373
"Екатеринбург, Чкаловский район, микрорайон Светлый, 4",41.8,76555
"Екатеринбург, ул. Краснолесья, 93",81.1,70284
"Екатеринбург, ул. Готвальда, 14А",43.7,86957
"Екатеринбург, ул. Громова, д. 26",49.4,77935
"Екатеринбург, Железнодорожный район, микрорайон Новая Сортировка, ул. Крупносортщиков, 12",60.7,58484
"Екатеринбург, Белинского 32",120.0,112500
"Екатеринбург, ул. Татищева, 126",41.0,114634
"Екатеринбург, Рощинская ул., 31",44.0,67045
"Екатеринбург, пр-т Космонавтов, стр. 11",58.1,70568
"Екатеринбург, пос. Мичуринский, Широкореченская ул., 53",37.7,58604
"Екатеринбург, микрорайон Академический, пр-т Академика Сахарова, 31",61.0,64262
"Екатеринбург, ул. Счастливая, д. 4",70.3,61878
"Екатеринбург, ул. Ландау/Майская/Карасьевская/Широкореченская/Цветоносная/Екатерининская/Евгения Савкова/Вавилова/пер. Терновый, ЖК «Мичуринский»",24.7,60931
"Екатеринбург, ул. Циолковского, д. 29А",65.5,106870
"Екатеринбург, Кировский район, микрорайон Пионерский, ул. Бехтерева, 3",45.0,91111
"Екатеринбург, Верх-Исетский район, микрорайон Широкая Речка, б-р Петра Кожемяко, 16",37.0,75676
"Екатеринбург, ул. Чкалова, 241",90.0,58889
"Екатеринбург, мкр. Светлый, стр. 6",43.4,59677
"Екатеринбург, ул. Ленина, жилые дома",53.5,110000
"Екатеринбург, ул. Евгения Савкова, д. 31",81.2,58744
"Екатеринбург, пр-т Академика Сахарова/ул. Вильгельма де Геннина/Тимофеева-Ресовского/Рябинина, жилые дома",26.8,74552
"Екатеринбург, ул. Латвийская, д. 54",21.0,59524
"Екатеринбург, ул. Тенистая, жилые дома",46.0,54348
"Екатеринбург, Чкаловский район, микрорайон Светлый, 2",45.0,68444
"Екатеринбург, Мельникова , 27",69.5,129496
"Екатеринбург, Орджоникидзевский район, микрорайон Уралмаш, ул. Индустрии, 66",51.0,83314
"Екатеринбург, ул. Ткачей, 13",49.1,109980
"Екатеринбург, ул. Краснолесья, 70",38.7,97442
"Екатеринбург, ул. Юлиуса Фучика, 3",98.9,94034
"Екатеринбург, ул.Стачек, д. 68",83.4,76859
"Екатеринбург, ул. Крестинского, стр. 61",71.4,78992
"Екатеринбург, микрорайон ЖБИ, ул. 40-летия Комсомола, 32Г",33.0,70606
"Екатеринбург, микрорайон Академический, ул. Павла Шаманова, 6",40.0,71250
"Екатеринбург, мкр. Светлый, д. 1",43.0,66744
"Екатеринбург, ул. Вильгельма де Геннина, 45",38.9,74550
"Екатеринбург, Чкаловский район, микрорайон Химмаш, Профсоюзная ул., 43",42.0,88095
"Екатеринбург, микрорайон Академический, пр-т Академика Сахарова, 95",40.0,68750
"Екатеринбург, Свердловская область, Екатеринбург, микрорайон Автовокзал",37.9,94987
"Екатеринбург, ул. Ткачей, 17",50.5,127327
"Екатеринбург, Железнодорожный район, микрорайон Старая Сортировка, Кунарская ул., 36",82.6,52058
"Екатеринбург, Рощинская ул., 46",60.0,50000
"Екатеринбург, ул. Крауля/Рабочих/Красных Зорь/Лоцмановых, 1 очередь",37.0,100000
"Екатеринбург, ул.Стачек, д. 68",119.0,83782
"Екатеринбург, ул. Цвиллинга, 3",60.6,73000
"Екатеринбург, Кировский район, микрорайон Пионерский, Трамвайный пер., 2к3",41.3,92736
"Екатеринбург, Свердловская область, Екатеринбург, район Кировский, Рассветная ул, 6/2",78.8,95178
"Екатеринбург, ул. Азина, уч. 1.1",66.9,122705
"Екатеринбург, ул. Владимира Высоцкого, 2 этап",87.6,74363
"Екатеринбург, ул. Новосибирская, стр. 3.4",36.7,92343
"Екатеринбург, Кировский район, микрорайон Пионерский, Ирбитская ул., 13",69.0,77536
"Екатеринбург, Самолётная ул., 33",40.0,67500
"Екатеринбург, ул. 3-го Интернационала, стр. 1а",81.0,63265
"Екатеринбург, ул. Амундсена, 70",35.0,82857
"Екатеринбург, ул. Степана Разина, 122",78.0,89615
"Екатеринбург, ул. Железнодорожников, д. 78",68.9,71168
"Екатеринбург, Орджоникидзевский район, микрорайон Уралмаш, ул. Уральских Рабочих, 80",84.0,72607
"Екатеринбург, Чкаловский район, микрорайон Вторчермет, Аптекарская ул., 48",39.0,74103
"Екатеринбург, Союзная ул., 27",94.5,102646
"Екатеринбург, микрорайон Академический, ул. Павла Шаманова, 50",41.0,76829
"Екатеринбург, Свердловская область, Екатеринбург, район Верх-Исетский, Металлургов ул, 52",46.4,71659
"Екатеринбург, ул. Омская, стр. 1",47.8,81340
"Екатеринбург, ул. Ирбитская, стр. 4Б",50.0,83000
"Екатеринбург, ул Республиканская, 5",47.0,59149
"Екатеринбург, ул. Щорса, 39",83.0,84217
"Екатеринбург, Орджоникидзевский район, микрорайон Уралмаш, Республиканская ул., 5",27.0,68519
"Екатеринбург, Гурзуфская ул., 16",176.0,86932
"Екатеринбург, ул. Первомайская, стр. 60",74.8,108000
"Екатеринбург, Свердловская область, Екатеринбург, улица Тверитина, 46",107.0,140187
"Екатеринбург, Орджоникидзевский район, микрорайон Уралмаш, Сосновый пер., 14",26.0,107692
"Екатеринбург, Октябрьский район, микрорайон Кольцово, ул. Бахчиванджи, 15",36.5,68493
"Екатеринбург, Рощинская , 21 к 1",56.9,70123
"Екатеринбург, Амундсена , 118",37.0,75405
"Екатеринбург, Самолетная , 33",40.3,76923
"Екатеринбург, Верх-Исетский район, микрорайон Широкая Речка, б-р Петра Кожемяко, 16",35.0,65893
"Екатеринбург, посёлок Лиственный, микрорайон Широкая Речка, Верх-Исетский район, Екатеринбург, Свердловская область, бульвар Петра Кожемяко, 16",72.1,61664
"Екатеринбург, микрорайон Академический, жилой комплекс Рябиновый Квартал",60.0,63242
"Екатеринбург, пос. Совхозный",52.1,69098
"Екатеринбург, ул. Филатовская/Мезенская/Латвийская/Логиновская, стр. 3А",35.9,52000
"Екатеринбург, пос. Совхозный, ул. Мостовая, стр. 47",49.5,63636
"Екатеринбург, Авиационная ул., 12",52.8,89962
"Екатеринбург, ул. Радищева, 10",85.0,111176
"Екатеринбург, мкр. Светлый, стр. 6",49.0,65510
"Екатеринбург, пер. Трамвайный, д. 2, корп. 4",73.0,78082
"Екатеринбург, Московская ул., 77",145.0,103448
"Екатеринбург, Свердловская область, Екатеринбург, микрорайон Академический",36.0,76389
"Екатеринбург, ул. Блюхера, д. 97",57.0,75439
"Екатеринбург, ул. Вильгельма де Геннина, 45",61.2,62908
"Екатеринбург, ул. Готвальда, 22",87.7,80388
"Екатеринбург, ул. Евгения Савкова, д. 35",61.0,65410
"Екатеринбург, микрорайон Юго-Западный, Белореченская ул., 4",43.0,96512
"Екатеринбург, ул. Серафимы Дерябиной",41.0,73171
"Екатеринбург, Заводская ул., 73",60.0,79328
"Екатеринбург, микрорайон ЖБИ, Рассветная ул., 8к3",27.0,94444
"Екатеринбург, ул. Гастелло/Дальневосточная/Мраморская/пер. Каслинский, стр. 2",129.7,65227
"Екатеринбург, ул. Урицкого, 7",175.0,114286
"Екатеринбург, ул. Героев России, 35",40.7,74939
"Екатеринбург, микрорайон Академический, пр-т Академика Сахарова, 68",39.1,74680
"Екатеринбург, микрорайон Юго-Западный, ул. Шаумяна, 87",75.7,89168
"Екатеринбург, Красных командиров , 29",71.0,77465
"Екатеринбург, Евгения Савкова , 33",57.0,64912
"Екатеринбург, ул. Крестинского, 35",20.0,90000
"Екатеринбург, Рощинская ул., 44",23.9,92050
"Екатеринбург, микрорайон Академический, ул. Павла Шаманова, 8",81.0,60494
"Екатеринбург, ул.Стачек, д. 68",40.0,83750
"Екатеринбург, ул. Краснолесья, д. 3",85.0,66791
"Екатеринбург, ул. Февральской Революции, 15",291.0,170790
"Екатеринбург, пр-т Космонавтов, д. 11, корп. 1.1",70.0,71429
"Екатеринбург, пр-т Космонавтов, д. 11, корп. 2а",35.7,77031
"Екатеринбург, ул. Репина, стр. 4А",40.0,78500
"Екатеринбург, ул. Чемпионов, 5",36.7,85559
"Екатеринбург, ул. Краснолесья, 141",40.0,72000
"Екатеринбург, ул. Краснолесья, 30",80.8,66832
"Екатеринбург, Чкаловский район, микрорайон Вторчермет, Братская ул., 27к3",41.1,60341
"Екатеринбург, ул. Маяковского, стр. 2, лит. Е",48.0,95583
"Екатеринбург, Московская ул., 196",42.0,95238
"Екатеринбург, ул. Раевского, д. 20",34.0,87647
"Екатеринбург, ул. Анатолия Мехренцева, 3",44.0,67045
"Екатеринбург, ул. Куйбышева, 98",70.0,84286
"Екатеринбург, ул. Краснолесья, 10",40.0,110975
"Екатеринбург, ул. Евгения Савкова, 8",27.0,77778
"Екатеринбург, ул. Блюхера, д. 4",41.0,86805
"Екатеринбург, Латвийская ул., 56",23.5,59920
"Екатеринбург, ул. Анатолия Мехренцева, 38",39.3,78626
"Екатеринбург, ул. Щорса, 103",65.0,103846
"Екатеринбург, микрорайон Академический, ул. Павла Шаманова, 6",77.5,63226
"Екатеринбург, пер. Симбирский, д. 2/4",38.2,78534
"Екатеринбург, ул. Юмашева, 11",166.0,145181
"Екатеринбург, ул. Водоёмная, стр. 13",41.0,85366
"Екатеринбург, Свердловская область, Екатеринбург, район Ленинский, Сакко и Ванцетти ул, 47",117.7,140102
"Екатеринбург, Свердловская область, Екатеринбург, район Ленинский, Анатолия Мехренцева ул, 46",62.0,69355
"Екатеринбург, ул. Маяковского, стр. 2, лит. Е",41.3,79903
"Екатеринбург, ул. Академика Постовского, д. 17а",49.0,82653
"Екатеринбург, Свердловская область, Екатеринбург, район Чкаловский, Водоемная ул, 76",41.0,90220
"Екатеринбург, Свердловская область, Екатеринбург, район Октябрьский, Прибалтийская ул, 33",43.2,53241
"Екатеринбург, пр-т Академика Сахарова/ул. Вильгельма де Геннина/Тимофеева-Ресовского/Рябинина, жилые дома",51.4,65175
"Екатеринбург, Свердловская область, Екатеринбург, район Октябрьский, Латвийская ул, 51",33.4,67365
"Екатеринбург, ул. Рябинина, 19",39.0,73590
"Екатеринбург, Свердловская область, Екатеринбург, район Верх-Исетский, Рябинина ул, 29",80.6,60050
"Екатеринбург, Свердловская область, Екатеринбург, район Верх-Исетский, Черепанова ул, 12",64.1,56162
"Екатеринбург, ул. Гастелло/Дальневосточная/Мраморская/пер. Каслинский, стр. 2",57.0,73158
"Екатеринбург, Железнодорожный район, микрорайон Новая Сортировка, ул. Софьи Перовской, 117А",72.8,58379
"Екатеринбург, ул. Михеева, 2",88.0,66477
"Екатеринбург, ул.Педагогическая/Гагарина/Вишневая/Мира/Библиотечная, стр. 48-1",92.4,68000
"Екатеринбург, ул. Краснолесья, 10к3",63.0,78571
"Екатеринбург, Свердловская область, Екатеринбург, район Верх-Исетский, Радищева ул, 61",80.0,96862
"Екатеринбург, Свердловская область, Екатеринбург, район Железнодорожный, Автомагистральная ул, 23",43.0,65116
"Екатеринбург, Верх-Исетский район, микрорайон Широкая Речка, ул. Соболева, 19",44.0,65682
"Екатеринбург, ул. Блюхера, д. 4",49.0,80367
"Екатеринбург, Свердловская область, Екатеринбург, район Ленинский, Академика Семихатова б-р, 18",105.0,53333
"Екатеринбург, Свердловская область, Екатеринбург, район Ленинский, Щорса ул, 109",45.1,108647
"Екатеринбург, Свердловская область, Екатеринбург, район Ленинский, Краснолесья ул, 93",60.0,61667
"Екатеринбург, ул. Краснолесья, д. 3",69.0,76174
"Екатеринбург, ул. Юмашева, 1",87.0,103333
"Екатеринбург, микрорайон Юго-Западный, Волгоградская ул., 29А",72.0,71528
"Екатеринбург, микрорайон Академический, ул. Павла Шаманова, 48",62.0,63710
"Екатеринбург, Свердловская область, Екатеринбург, улица Краснолесья, 26",105.4,68786
"Екатеринбург, микрорайон Академический, пр-т Академика Сахарова, 31",36.0,76389
"Екатеринбург, Свердловская область, Екатеринбург, улица Тверитина, 46",64.0,120000
"Екатеринбург, ул. Ткачей, д. 13",78.6,139949
"Екатеринбург, ул. 3-го Интернационала, стр. 1а",29.0,89828
"Екатеринбург, микрорайон ЖБИ, Рассветная ул., 6/1",41.6,86538
"Екатеринбург, Свердловская область, Екатеринбург, район Кировский, Садовая ул, 9",64.0,62500
"Екатеринбург, Ереванская ул., 28",66.6,51051
"Екатеринбург, Базовый пер., 52",42.0,67857
"Екатеринбург, пр-т Космонавтов, д. 11, корп. 2а",37.0,70226
"Екатеринбург, микрорайон Академический, пр-т Академика Сахарова, 53",58.1,69707
"Екатеринбург, Орджоникидзевский район, микрорайон Уралмаш, Республиканская ул., 5",25.0,96000
"Екатеринбург, ул. Цвиллинга, 58",42.5,97647
"Екатеринбург, ул. Чкалова, 258",56.0,59464
"Екатеринбург, Свердловская область, Екатеринбург, район Октябрьский, Ракетная ул, 10",58.0,44828
"Екатеринбург, ул. Солнечная, стр. 1",47.4,76582
"Екатеринбург, Свердловская область, Екатеринбург, район Октябрьский, Белинского ул, 177",88.0,92045
"Екатеринбург, Свердловская область, Екатеринбург, район Октябрьский, Бахчиванджи ул, 12А",79.0,53038
"Екатеринбург, ул. 3-го Интернационала, стр. 1а",48.0,81146
"Екатеринбург, Свердловская область, Екатеринбург, район Железнодорожный, Кунарская ул, 34",41.6,62500
"Екатеринбург, ул. Краснолесья, 26",54.0,64815
"Екатеринбург, микрорайон ЖБИ, Сиреневый б-р, 10",82.0,60366
"Екатеринбург, микрорайон Юго-Западный, ул. Громова, 28",103.0,66990
"Екатеринбург, ул. Чкалова, 231",54.7,63985
"Екатеринбург, Кировский район, микрорайон Пионерский",70.0,121429
"Екатеринбург, Рощинская ул., 44",26.0,86538
"Екатеринбург, ул. Вильгельма де Геннина, 33",40.0,80000
"Екатеринбург, ул. Гурзуфская, д. 11",90.0,91311
"Екатеринбург, ул. Омская, ЖК «Основа»",59.0,77763
"Екатеринбург, ул.Педагогическая/Гагарина/Вишневая/Мира/Библиотечная, стр. 48-1",73.1,68000
"Екатеринбург, ул. Циолковского, 29",42.0,116167
"Екатеринбург, ул. Ткачей, 17",117.0,82906
"Екатеринбург, ул. Гастелло, 32А",41.8,80144
"Екатеринбург, ул. Евгения Савкова, 35",32.0,68750
"Екатеринбург, ул. Степана Разина, 2",80.0,101875
"Екатеринбург, 40-летия Комсомола , 32г",37.4,85561
"Екатеринбург, Евгения Савкова , 4",41.0,67073
"Екатеринбург, Хохрякова , 39",142.4,125000
"Екатеринбург, Щербакова , 77 к 3",38.2,94241
"Екатеринбург, Шевченко , 18",61.0,122951
"Екатеринбург, ул. Гастелло/Дальневосточная/Мраморская/пер. Каслинский, стр. 2",50.9,72888
"Екатеринбург, ул. Юлиуса Фучика, 5",80.1,96130
"Екатеринбург, ул.Стачек, д. 68",67.3,78009
"Екатеринбург, ул. Белинского, д. 161",53.0,79000
"Екатеринбург, ул. Белинского, 111",72.0,88889
"Екатеринбург, ул. Большакова, д. 147",107.0,115380
"Екатеринбург, ул. Чкалова, стр. 22",88.5,98192
"Екатеринбург, микрорайон Академический, пр-т Академика Сахарова, 29",42.9,71096
"Екатеринбург, ул. Белинского, 54",162.5,104615
"Екатеринбург, ул. Юлиуса Фучика, 1",105.0,94286
"Екатеринбург, ул. Николая Никонова, 6",144.0,117361
"Екатеринбург, Заводская ул., 75",65.0,90615
"Екатеринбург, Россия, Свердловская область, Екатеринбург, улица Владимира Высоцкого, 10",46.0,54326
"Екатеринбург, ул. Суходольская/Ландау/Ручейная, стр. 3",30.0,76333
"Екатеринбург, Анатолия Муранова , 12",91.0,60440
"Екатеринбург, Блюхера , 45",125.5,85339
"Екатеринбург, Космонавтов пр-кт , 46а",108.5,112903
"Екатеринбург, Чкаловский район, микрорайон Светлый, 5",46.0,67391
"Екатеринбург, ул. Готвальда, д. 35",47.0,76596
"Екатеринбург, ул. Московская, д. 196",64.5,86822
"Екатеринбург, ул. Чкалова, 241",83.0,70482
"Екатеринбург, ул. Владимира Высоцкого, 18Д",46.0,88913
"Екатеринбург, микрорайон Академический, пр-т Академика Сахарова, 95",60.0,66650
"Екатеринбург, Ереванская ул., 28",69.0,55058
"Екатеринбург, ул. Вильгельма де Геннина, 49",42.0,75952
"Екатеринбург, ул. Готвальда, д. 35",62.0,80161
"Екатеринбург, ул. Мельникова, 27",45.3,133996
"Екатеринбург, ул. Щорса, 39",40.5,98765
"Екатеринбург, Орджоникидзевский район, микрорайон Эльмаш, ул. Стачек, 4",34.4,72384
"Екатеринбург, ул. Чкалова, 231",83.0,66265
"Екатеринбург, Таватуйская ул., 25к3",47.8,68515
"Екатеринбург, Кировский район, микрорайон Пионерский, Солнечная ул.",56.4,72234
"Екатеринбург, ул. Братская, д. 27, корп. 3",68.0,56618
"Екатеринбург, пер. Широкий, стр. 2а",42.4,67952
"Екатеринбург, Хрустальногорская ул., 87",42.7,67916
"Екатеринбург, ул.Стачек, д. 68",113.3,85940
"Екатеринбург, ул. Татищева, 96",40.0,96000
"Екатеринбург, ул. Евгения Савкова, д. 35",61.3,61175
"Екатеринбург, ул. Цвиллинга, 3",53.0,77358
"Екатеринбург, ул. Краснолесье/Чкалова/Амундсена, стр. 9.1.1",63.0,66349
"Екатеринбург, ул. Павла Шаманова, стр. 5/2",71.6,60056
"Екатеринбург, ул. Ландау/Екатерининская/Вавилова, д. 53",73.4,62300
"Екатеринбург, коттеджный пос. Карасьеозёрский-2, Малогородская ул., 8",67.0,104030
"Екатеринбург, ул. 8 марта, 2 этап",55.8,103118
"Екатеринбург, ул. 8 Марта, стр. 197/3",34.5,89855
"Екатеринбург, ул. Блюхера, д. 5",61.9,70800
"Екатеринбург, ул. 3-го Интернационала, стр. 1а",37.1,74500
"Екатеринбург, ул. Павлодарская, жилой дом",46.0,55413
"Екатеринбург, Свердловская обл, Екатеринбург, Широкая Речка, ул. Евгения Савкова, 29",31.0,72581
"Екатеринбург, Октябрьский район, микрорайон Кольцово, Ракетная ул., 20",48.0,79167
"Екатеринбург, ул. Гастелло/Дальневосточная/Мраморская/пер. Каслинский, стр. 2",71.4,65126
"Екатеринбург, ул. Данилы Зверева/Бехтерева, жилой дом",40.7,100246
"Екатеринбург, Чкаловский район, микрорайон Светлый, 5",45.0,71111
"Екатеринбург, Железнодорожный район, микрорайон Старая Сортировка, Кунарская ул., 36",74.3,57873
"Екатеринбург, микрорайон Академический, ул. Павла Шаманова, 5/1",71.6,60056
"Екатеринбург, пос. Совхозный, ул. Мостовая, стр. 47",43.7,59497
"Екатеринбург, Лучистая ул., 4",31.0,93548
"Екатеринбург, ул. Чемпионов, д. 4",38.8,79897
"Екатеринбург, Базовый пер., 54",41.8,71292
"Екатеринбург, ул. Шевченко, 20",36.2,118785
"Екатеринбург, микрорайон Академический, ул. Павла Шаманова, 9",58.6,71672
"Екатеринбург, Железнодорожный район, микрорайон Старая Сортировка, Червонная ул., 19",91.0,54945
"Екатеринбург, Свердловская обл, г Екатеринбург, ул Краснолесья, 26",105.0,66095
"Екатеринбург, ул. Чкалова, стр. 22",92.0,84239
"Екатеринбург, пос. Мичуринский, Карасьевская ул., 24",70.0,59857
"Екатеринбург, Орджоникидзевский район, микрорайон Эльмаш, Цветочный пер., 16",40.5,82716
"Екатеринбург, ул. Водоёмная, стр. 13",46.5,84946
"Екатеринбург, ул. Краснолесья, 149",65.0,69231
"Екатеринбург, Кировский район, микрорайон Пионерский, Шадринский пер., 14к1",83.0,92771
"Екатеринбург, Орджоникидзевский район, микрорайон Уралмаш, ул. Новаторов, 8В",33.0,90606
"Екатеринбург, ул. Белинского, 108",73.0,104781
"Екатеринбург, ул. Циолковского, 27",44.4,90090
"Екатеринбург, ул.Педагогическая/Гагарина/Вишневая/Мира/Библиотечная, стр. 48-1",45.5,82857
"Екатеринбург, проспект Академика Сахарова , 95",21.7,88479
"Екатеринбург, микрорайон ЖБИ, ул. 40-летия Комсомола, 24",26.0,88462
"Екатеринбург, Кировский район, микрорайон Пионерский, ул. Данилы Зверева, 17А",99.5,64185
"Екатеринбург, ул. Гастелло/Дальневосточная/Мраморская/пер. Каслинский, стр. 2",48.5,76082
"Екатеринбург, ул.Стачек, д. 68",77.3,82665
"Екатеринбург, ул. Новосибирская, стр. 3.4",58.0,74138
"Екатеринбург, ул. Ткачей, 16А",54.0,92574
"Екатеринбург, мкр. Светлый, д. 2",44.0,64773
"Екатеринбург, Чкаловский район, микрорайон Светлый, 5",30.1,71429
"Екатеринбург, ул. Лётчиков, 7",25.0,68000
"Екатеринбург, ул. Юлиуса Фучика, 11",96.5,83420
"Екатеринбург, ул. Солнечная, стр. 1",47.5,74737
"Екатеринбург, микрорайон ЖБИ, ул. 40-летия Комсомола, 32Г",27.6,77899
"Екатеринбург, ул. Калинина, д. 7",95.5,84293
"Екатеринбург, Кировский район, микрорайон Пионерский",36.6,92896
"Екатеринбург, Свердловская обл, Екатеринбург, Автовокзал, ул. Николая Островского, 5",58.0,93966
"Екатеринбург, ул. Цвиллинга, 3",90.0,67425
"Екатеринбург, ул. Московская, д. 75",80.0,155000
"Екатеринбург, Свердловская область, Екатеринбург, Евгения Савкова, 15",64.0,64062
"Екатеринбург, Чкаловский район, микрорайон Вторчермет, Аптекарская ул., 48",53.0,68868
"Екатеринбург, Водоёмная ул., 80к2",64.0,75000
"Екатеринбург, ул. Краснолесье/Чкалова/Амундсена, стр. 9.1.1",68.1,72687
"Екатеринбург, Свердловская область, Екатеринбург, Мичурина, 99",90.9,91199
"Екатеринбург, ул. Евгения Савкова, 15",40.0,68750
"Екатеринбург, Свердловская область, Екатеринбург, Микрорайон Светлый , 4",40.0,72500
"Екатеринбург, Свердловская область, Екатеринбург, Московская , 66",110.0,101818
"Екатеринбург, ул. Краснолесья, 161",39.0,67436
"Екатеринбург, пос. Совхозный, ул. Мостовая, стр. 47",52.5,66667
"Екатеринбург, ул. Омская, стр. 1",59.5,77120
"Екатеринбург, ул. Владимира Высоцкого, д. 5",44.1,84195
"Екатеринбург, ул. Патриотов, 6к3",45.0,56667
"Екатеринбург, Чкаловский район, микрорайон Вторчермет, Братская ул., 27к2",42.2,82109
"Екатеринбург, ул. Хрустальногорская, 3 этап",32.5,84277
"Екатеринбург, ул. Куйбышева, 98",48.0,87500
"Екатеринбург, мкр. Светлый, стр. 6",50.8,66929
